ags5,date,ground_truth,pred,error,mape
01001,2021-02-28,9.2,9.615231399043696,0.4152313990436962,0.04513384772214089
01001,2021-03-31,9.1,9.589322964790275,0.4893229647902757,0.053771754372557774
01001,2021-04-30,9.1,9.761608459495106,0.6616084594951062,0.07270422631814354
01002,2021-02-28,8.7,8.66009615642893,0.039903843571069686,0.004586648686329849
01002,2021-03-31,8.6,8.838194902179051,0.23819490217905148,0.027697081648726918
01002,2021-04-30,8.7,9.158877063787818,0.4588770637878188,0.05274449009055389
01003,2021-02-28,8.8,8.771561584678631,0.028438415321369703,0.003231638104701102
01003,2021-03-31,8.9,8.957272014376256,0.05727201437625595,0.006435057795084938
01003,2021-04-30,8.9,9.309954792196535,0.40995479219653497,0.04606233620185786
01004,2021-02-28,9.8,9.522312007534907,0.27768799246509346,0.028335509435213617
01004,2021-03-31,9.6,9.33546688297842,0.2645331170215801,0.027555533023081263
01004,2021-04-30,9.4,9.54330767785894,0.14330767785893883,0.01524549764456796
01051,2021-02-28,6.9,6.927444354788751,0.027444354788750402,0.0039774427230073045
01051,2021-03-31,6.6,6.734644940518592,0.13464494051859255,0.020400748563423114
01051,2021-04-30,6.4,6.510923092598171,0.11092309259817057,0.01733173321846415
01053,2021-02-28,5.8,5.79777117634005,0.002228823659949697,0.00038427994137063743
01053,2021-03-31,5.7,5.764263107027923,0.06426310702792293,0.011274229303144373
01053,2021-04-30,5.6,5.878030004236591,0.27803000423659174,0.04964821504224853
01054,2021-02-28,6.3,6.262039254966354,0.03796074503364544,0.006025515084705625
01054,2021-03-31,6.0,5.741043380340765,0.25895661965923544,0.04315943660987257
01054,2021-04-30,5.6,5.340754684804375,0.2592453151956242,0.0462938062849329
01055,2021-02-28,6.3,6.321973134125163,0.02197313412516344,0.0034877990674862607
01055,2021-03-31,6.0,5.900184930030021,0.09981506996997869,0.016635844994996447
01055,2021-04-30,5.6,5.435677527957934,0.1643224720420653,0.029343298578940233
01056,2021-02-28,5.9,5.865294184458559,0.034705815541441254,0.005882341617193433
01056,2021-03-31,5.7,5.831784698087179,0.13178469808717885,0.023120122471434884
01056,2021-04-30,5.6,5.905315183006352,0.3053151830063525,0.054520568393991525
01057,2021-02-28,5.0,5.139853625937581,0.13985362593758133,0.027970725187516265
01057,2021-03-31,4.7,5.076438753775895,0.3764387537758944,0.08009335186721157
01057,2021-04-30,4.5,5.071112689352699,0.5711126893526988,0.1269139309672664
01058,2021-02-28,4.8,4.842887408412573,0.042887408412573436,0.008934876752619466
01058,2021-03-31,4.6,4.70969221437631,0.10969221437631038,0.023846133560067477
01058,2021-04-30,4.5,4.735542568708898,0.23554256870889834,0.05234279304642185
01059,2021-02-28,5.9,5.850321087256745,0.04967891274325531,0.008420154702246663
01059,2021-03-31,5.7,5.680318560896619,0.019681439103381493,0.0034528840532248232
01059,2021-04-30,5.5,5.677364064479819,0.17736406447981867,0.03224801172360339
01060,2021-02-28,5.3,5.256508422791557,0.04349157720844321,0.00820595796385721
01060,2021-03-31,5.2,5.231211488765953,0.03121148876595292,0.006002209378067869
01060,2021-04-30,5.1,5.335349110643495,0.2353491106434955,0.04614688443990108
01061,2021-02-28,6.5,6.360764922740935,0.13923507725906514,0.021420781116779253
01061,2021-03-31,6.3,6.3270190101864685,0.027019010186468684,0.00428873177562995
01061,2021-04-30,6.2,6.440074115889703,0.24007411588970307,0.038721631595113395
01062,2021-02-28,4.2,4.136242772655771,0.0637572273442295,0.015180292224816549
01062,2021-03-31,4.0,4.143033762798184,0.1430337627981837,0.035758440699545924
01062,2021-04-30,3.9,4.228093699498601,0.3280936994986008,0.08412658961502585
02000,2021-02-28,8.1,8.100303201911798,0.0003032019117981122,3.7432334789890394e-05
02000,2021-03-31,8.0,7.9284294248986,0.07157057510139975,0.008946321887674968
02000,2021-04-30,8.0,7.967489253496187,0.032510746503812804,0.0040638433129766005
03101,2021-02-28,5.7,5.703283044526271,0.0032830445262712615,0.0005759727239072388
03101,2021-03-31,5.5,5.727002548518388,0.22700254851838775,0.041273190639706865
03101,2021-04-30,5.5,5.9932710964692575,0.4932710964692575,0.08968565390350136
03102,2021-02-28,10.2,10.148112531934776,0.05188746806522282,0.005087006673061061
03102,2021-03-31,9.8,10.18949110972394,0.38949110972393974,0.039743990788157116
03102,2021-04-30,9.7,10.400203250637237,0.7002032506372373,0.07218590212755024
03103,2021-02-28,5.5,5.632380162363145,0.13238016236314465,0.024069120429662662
03103,2021-03-31,5.5,5.609487916917777,0.10948791691777693,0.019906893985050352
03103,2021-04-30,5.5,5.751999220606298,0.2519992206062982,0.04581804011023604
03151,2021-02-28,4.8,4.778334615640878,0.02166538435912191,0.004513621741483731
03151,2021-03-31,4.7,4.7033700490594645,0.003370049059464364,0.0007170317147796518
03151,2021-04-30,4.6,4.72926557550057,0.12926557550057005,0.028101212065341316
03153,2021-02-28,7.5,7.4702317538151215,0.0297682461848785,0.003969099491317133
03153,2021-03-31,7.3,7.319111946053356,0.0191119460533562,0.0026180748018296163
03153,2021-04-30,7.2,7.476387736666415,0.2763877366664147,0.03838718564811315
03154,2021-02-28,6.7,6.773757090086654,0.07375709008665421,0.011008520908455851
03154,2021-03-31,6.5,6.705672106954966,0.20567210695496563,0.03164186260845625
03154,2021-04-30,6.5,6.835741520629459,0.33574152062945917,0.05165254163530141
03155,2021-02-28,6.0,5.965890868388025,0.0341091316119746,0.0056848552686624325
03155,2021-03-31,5.8,5.8523964334566845,0.052396433456684655,0.009033867837359424
03155,2021-04-30,5.7,5.919735945743333,0.21973594574333255,0.0385501659198829
03157,2021-02-28,5.4,5.696737447403492,0.2967374474034914,0.0549513791487947
03157,2021-03-31,5.4,5.676057777852306,0.2760577778523059,0.051121810713389976
03157,2021-04-30,5.4,5.731956637966995,0.3319566379669947,0.06147345147536939
03158,2021-02-28,5.2,5.356466810245991,0.15646681024599118,0.03008977120115215
03158,2021-03-31,5.0,5.300383227487966,0.3003832274879663,0.06007664549759326
03158,2021-04-30,4.9,5.375625975391323,0.47562597539132234,0.09706652559006577
03159,2021-02-28,6.3,6.325019760638161,0.025019760638160804,0.003971390577485842
03159,2021-03-31,6.1,6.331865741043885,0.2318657410438858,0.03801077722030915
03159,2021-04-30,6.0,6.470675366786604,0.4706753667866037,0.07844589446443395
03241,2021-02-28,8.2,8.246884981987298,0.04688498198729896,0.00571768073015841
03241,2021-03-31,8.0,8.296890795508652,0.29689079550865216,0.03711134943858152
03241,2021-04-30,8.0,8.536748437312458,0.5367484373124576,0.0670935546640572
03251,2021-02-28,4.9,4.770474515807904,0.1295254841920963,0.026433772284101285
03251,2021-03-31,4.7,4.650601122849151,0.0493988771508489,0.010510399393797637
03251,2021-04-30,4.6,4.7651365631924,0.16513656319240066,0.03589925286791319
03252,2021-02-28,7.2,7.235879741697565,0.03587974169756514,0.004983297457995158
03252,2021-03-31,7.0,7.041613786596925,0.04161378659692527,0.00594482665670361
03252,2021-04-30,7.1,7.0769995539053125,0.0230004460946871,0.0032394994499559296
03254,2021-02-28,6.8,6.71592013065197,0.08407986934803002,0.012364686668827944
03254,2021-03-31,6.7,6.6245967711413005,0.07540322885869966,0.011254213262492485
03254,2021-04-30,6.7,6.765851310775989,0.06585131077598838,0.009828553847162445
03255,2021-02-28,6.9,6.745292243549739,0.1547077564502617,0.022421413978298794
03255,2021-03-31,6.7,6.584471477185719,0.11552852281428105,0.017243063106609113
03255,2021-04-30,6.8,6.570928479589255,0.22907152041074497,0.03368698829569779
03256,2021-02-28,5.7,5.618889727665255,0.08111027233474477,0.014229872339428906
03256,2021-03-31,5.4,5.418329985210924,0.018329985210923994,0.0033944417057266653
03256,2021-04-30,5.3,5.480730264305529,0.18073026430552908,0.03410004986896775
03257,2021-02-28,6.1,6.090772268068764,0.009227731931235716,0.0015127429395468388
03257,2021-03-31,5.8,5.934847106697186,0.13484710669718591,0.023249501154687227
03257,2021-04-30,5.7,6.0027667792557935,0.3027667792557933,0.05311697881680584
03351,2021-02-28,6.7,6.80432397750046,0.10432397750046007,0.015570742910516428
03351,2021-03-31,6.5,6.648989479893952,0.1489894798939524,0.022921458445223444
03351,2021-04-30,6.4,6.710798849428152,0.31079884942815195,0.04856232022314874
03352,2021-02-28,6.3,6.371197364261266,0.07119736426126622,0.011301168930359717
03352,2021-03-31,6.2,6.252633155740145,0.05263315574014449,0.00848921866776524
03352,2021-04-30,6.1,6.20751984234555,0.10751984234555056,0.017626203663205012
03353,2021-02-28,4.8,4.851649194787104,0.05164919478710406,0.010760248913980013
03353,2021-03-31,4.7,4.7891734061012174,0.08917340610121727,0.018973065127918565
03353,2021-04-30,4.6,4.872699560081658,0.27269956008165863,0.05928251306123014
03354,2021-02-28,8.0,8.036049912555495,0.0360499125554945,0.004506239069436813
03354,2021-03-31,7.9,7.771141263041882,0.12885873695811867,0.016311232526344133
03354,2021-04-30,7.5,7.636581188717167,0.13658118871716685,0.01821082516228891
03355,2021-02-28,6.5,6.393605623249815,0.1063943767501847,0.01636836565387457
03355,2021-03-31,6.4,6.346298410619378,0.05370158938062275,0.008390873340722305
03355,2021-04-30,6.3,6.460809573634542,0.16080957363454207,0.025525329148340013
03356,2021-02-28,3.8,3.828677758338339,0.0286777583383393,0.00754677851008929
03356,2021-03-31,3.6,3.806926133334112,0.20692613333411192,0.05747948148169775
03356,2021-04-30,3.5,3.83183025462582,0.33183025462582005,0.09480864417880573
03357,2021-02-28,4.2,4.281444646940477,0.0814446469404766,0.01939158260487538
03357,2021-03-31,4.1,4.194358604413522,0.0943586044135225,0.023014293759395735
03357,2021-04-30,3.9,4.227441514941378,0.3274415149413783,0.08395936280548162
03358,2021-02-28,6.5,6.435406810379301,0.06459318962069904,0.009937413787799852
03358,2021-03-31,6.4,6.187590249579163,0.21240975042083754,0.033189023503255866
03358,2021-04-30,6.2,6.132826753443918,0.06717324655608259,0.010834394605819772
03359,2021-02-28,6.6,6.548912155725315,0.05108784427468471,0.00774058246586132
03359,2021-03-31,6.4,6.426231828743604,0.026231828743603636,0.004098723241188068
03359,2021-04-30,6.3,6.518145105293596,0.21814510529359588,0.03462620718945966
03360,2021-02-28,5.7,5.838661882573032,0.13866188257303147,0.024326646065444116
03360,2021-03-31,5.6,5.611763062957258,0.011763062957258263,0.0021005469566532614
03360,2021-04-30,5.4,5.668074338598478,0.2680743385984776,0.04964339603675511
03361,2021-02-28,4.0,3.96455989309409,0.03544010690590982,0.008860026726477455
03361,2021-03-31,3.8,3.90994792814677,0.10994792814677012,0.028933665301781614
03361,2021-04-30,3.8,3.9986687869348607,0.1986687869348609,0.05228125971970024
03401,2021-02-28,11.1,11.008570940887326,0.09142905911267363,0.00823685217231294
03401,2021-03-31,10.9,10.795694592704306,0.10430540729569415,0.009569303421623316
03401,2021-04-30,10.5,11.008807218644936,0.5088072186449359,0.04845783034713676
03402,2021-02-28,9.0,9.105829031906236,0.10582903190623583,0.011758781322915092
03402,2021-03-31,8.8,9.025896992319373,0.2258969923193721,0.025670112763565008
03402,2021-04-30,8.8,9.27493407604672,0.47493407604671845,0.05396978136894527
03403,2021-02-28,7.2,7.356951143306342,0.1569511433063422,0.021798769903658637
03403,2021-03-31,7.1,7.2874034375917,0.18740343759170042,0.026394850365028227
03403,2021-04-30,7.0,7.453828436276435,0.4538284362764351,0.06483263375377644
03404,2021-02-28,7.6,7.517413248327188,0.08258675167281204,0.010866677851685795
03404,2021-03-31,7.4,7.532117689964034,0.1321176899640335,0.017853741887031555
03404,2021-04-30,7.5,7.728337307514343,0.22833730751434267,0.03044497433524569
03405,2021-02-28,12.0,12.147010213461575,0.1470102134615754,0.012250851121797949
03405,2021-03-31,11.7,12.215279908528675,0.5152799085286759,0.044041017822963754
03405,2021-04-30,11.6,12.583135004481107,0.9831350044811078,0.08475301762768171
03451,2021-02-28,4.7,4.75722247133336,0.057222471333360225,0.01217499390071494
03451,2021-03-31,4.3,4.343335651696116,0.04333565169611653,0.010078058533980588
03451,2021-04-30,4.2,4.2226406380432,0.0226406380431996,0.0053906281055237145
03452,2021-02-28,7.8,7.951944934534891,0.15194493453489155,0.019480119812165585
03452,2021-03-31,7.4,7.44234393215957,0.042343932159569775,0.005722152994536456
03452,2021-04-30,7.0,7.190515070203684,0.1905150702036842,0.027216438600526312
03453,2021-02-28,5.0,4.860602633456854,0.13939736654314583,0.027879473308629166
03453,2021-03-31,4.8,4.5991925311872,0.20080746881279943,0.04183488933599988
03453,2021-04-30,4.7,4.571474393262874,0.1285256067371261,0.027345873773856614
03454,2021-02-28,3.3,3.3927460037669417,0.09274600376694186,0.02810484962634602
03454,2021-03-31,3.1,3.2327278060368583,0.1327278060368582,0.04281542130221232
03454,2021-04-30,3.0,3.314171157005365,0.31417115700536513,0.10472371900178838
03455,2021-02-28,5.2,5.165334119315807,0.03466588068419352,0.006666515516191061
03455,2021-03-31,4.9,4.92532879348499,0.02532879348498973,0.005169141527548924
03455,2021-04-30,4.7,4.815976984625004,0.11597698462500361,0.024675954175532682
03456,2021-02-28,3.1,3.064851675710726,0.03514832428927406,0.011338169125572277
03456,2021-03-31,3.0,3.0280329357247187,0.028032935724718655,0.009344311908239552
03456,2021-04-30,3.0,3.087892830176766,0.08789283017676608,0.029297610058922025
03457,2021-02-28,6.6,6.512292827901504,0.08770717209849543,0.013288965469469005
03457,2021-03-31,6.2,6.279139154447064,0.07913915444706365,0.012764379749526395
03457,2021-04-30,6.0,6.180584199711495,0.18058419971149497,0.030097366618582495
03458,2021-02-28,4.0,4.173119367530079,0.17311936753007906,0.043279841882519765
03458,2021-03-31,3.8,4.056578055401609,0.25657805540160883,0.06752054089516023
03458,2021-04-30,3.6,4.083438519557453,0.4834385195574531,0.13428847765484808
03459,2021-02-28,3.7,3.63472954429322,0.06527045570678025,0.017640663704535202
03459,2021-03-31,3.5,3.591681230600228,0.09168123060022815,0.0261946373143509
03459,2021-04-30,3.5,3.711895226022943,0.2118952260229432,0.06054149314941234
03460,2021-02-28,4.3,4.454275610601512,0.15427561060151174,0.035878048977095754
03460,2021-03-31,4.2,4.318314483807583,0.11831448380758314,0.028170115192281697
03460,2021-04-30,4.1,4.45084843535686,0.35084843535685994,0.08557278911142926
03461,2021-02-28,6.9,6.894706913302073,0.005293086697927052,0.0007671140141923263
03461,2021-03-31,6.7,6.773024445743048,0.073024445743048,0.010899171006425075
03461,2021-04-30,6.6,6.846467079877249,0.2464670798772497,0.03734349695109844
03462,2021-02-28,7.7,7.700651955733252,0.000651955733252052,8.466957574701975e-05
03462,2021-03-31,7.1,6.959702583122603,0.14029741687739694,0.019760199560196753
03462,2021-04-30,6.5,6.081576827689807,0.41842317231019344,0.06437279574002976
04011,2021-02-28,11.2,11.016799468131742,0.18320053186825724,0.01635719034538011
04011,2021-03-31,10.9,10.887669039077323,0.012330960922676937,0.0011312808185942142
04011,2021-04-30,10.8,11.247181576235334,0.4471815762353337,0.041405701503271636
04012,2021-02-28,13.8,13.793291311466144,0.006708688533857199,0.00048613685027950714
04012,2021-03-31,13.6,13.906069308936246,0.3060693089362463,0.022505096245312228
04012,2021-04-30,13.5,14.261674018019644,0.7616740180196437,0.05642029763108472
05111,2021-02-28,8.4,8.626719351594494,0.2267193515944932,0.026990398999344425
05111,2021-03-31,8.3,8.682296970927238,0.38229697092723747,0.04605987601532981
05111,2021-04-30,8.2,8.925269302883132,0.7252693028831327,0.08844747596135766
05112,2021-02-28,12.8,12.709785960381602,0.0902140396183988,0.007047971845187406
05112,2021-03-31,12.6,12.739634789975552,0.13963478997555256,0.011082126188535919
05112,2021-04-30,12.7,12.9034743268136,0.20347432681360011,0.016021600536503946
05113,2021-02-28,11.5,11.393296830660706,0.10670316933929413,0.009278536464286447
05113,2021-03-31,11.3,11.332441120550182,0.03244112055018178,0.0028708956239098917
05113,2021-04-30,11.2,11.590778182046073,0.3907781820460734,0.03489090911125656
05114,2021-02-28,11.7,11.696436200755704,0.003563799244295396,0.0003045982260081535
05114,2021-03-31,11.6,11.575094398059855,0.02490560194014435,0.002147034650012444
05114,2021-04-30,11.4,11.818846339311474,0.4188463393114734,0.03674090695714679
05116,2021-02-28,10.9,10.973844996210318,0.07384499621031715,0.006774770294524509
05116,2021-03-31,10.9,10.985691685859836,0.08569168585983533,0.007861622555948196
05116,2021-04-30,10.8,11.321928054263868,0.5219280542638671,0.048326671691098805
05117,2021-02-28,8.9,9.034161522804837,0.1341615228048365,0.015074328405037809
05117,2021-03-31,9.0,9.007489500265535,0.007489500265535298,0.0008321666961705887
05117,2021-04-30,8.9,9.14687262262109,0.24687262262109044,0.027738496923718027
05119,2021-02-28,10.9,10.82913525421614,0.07086474578385982,0.006501352824207322
05119,2021-03-31,11.0,10.630261779539282,0.369738220460718,0.03361256549642891
05119,2021-04-30,10.9,10.839711912585388,0.060288087414612335,0.005531017194001131
05120,2021-02-28,8.1,8.118467767280608,0.01846776728060817,0.0022799712692108853
05120,2021-03-31,8.0,8.104239553579172,0.10423955357917158,0.013029944197396448
05120,2021-04-30,8.0,8.243295907557949,0.2432959075579486,0.030411988444743576
05122,2021-02-28,8.0,8.410783888663126,0.41078388866312565,0.051347986082890706
05122,2021-03-31,8.0,8.465701147993194,0.46570114799319384,0.05821264349914923
05122,2021-04-30,8.0,8.59387441110617,0.5938744111061691,0.07423430138827114
05124,2021-02-28,10.3,10.359580612585932,0.05958061258593084,0.005784525493779693
05124,2021-03-31,10.2,10.455251073878514,0.2552510738785152,0.025024615086128944
05124,2021-04-30,10.0,10.815473143334351,0.8154731433343514,0.08154731433343514
05154,2021-02-28,5.8,5.916907009550329,0.11690700955032884,0.02015638095695325
05154,2021-03-31,5.6,5.8883047999000775,0.28830479990007785,0.05148299998215676
05154,2021-04-30,5.5,5.952029495620587,0.4520294956205868,0.08218718102192488
05158,2021-02-28,7.2,7.146513159310737,0.05348684068926346,0.0074287278735088134
05158,2021-03-31,7.1,7.101538000880814,0.0015380008808145718,0.00021661984236824954
05158,2021-04-30,7.0,7.3596063350861,0.3596063350860996,0.051372333583728516
05162,2021-02-28,6.2,6.303844993376156,0.10384499337615605,0.01674919248002517
05162,2021-03-31,6.2,6.298147700479701,0.0981477004797009,0.015830274270919497
05162,2021-04-30,6.1,6.604309847895771,0.5043098478957715,0.08267374555668386
05166,2021-02-28,6.3,6.515594047119511,0.21559404711951125,0.03422127732055734
05166,2021-03-31,6.2,6.483742341660385,0.2837423416603846,0.04576489381619106
05166,2021-04-30,6.1,6.594379819886625,0.4943798198866256,0.08104587211256158
05170,2021-02-28,6.9,7.0142912835169895,0.11429128351698914,0.016563954132896977
05170,2021-03-31,6.8,6.992724589533312,0.19272458953331206,0.028341851401957656
05170,2021-04-30,6.7,7.173041224129104,0.473041224129104,0.07060316778046329
05314,2021-02-28,8.1,8.018949297562676,0.08105070243732371,0.01000625956016342
05314,2021-03-31,8.0,8.02840170595281,0.028401705952809664,0.003550213244101208
05314,2021-04-30,7.9,8.246112371419352,0.3461123714193519,0.04381169258472809
05315,2021-02-28,9.8,10.015312265968925,0.21531226596892417,0.021970639384584097
05315,2021-03-31,9.7,10.068080559913849,0.36808055991384947,0.037946449475654585
05315,2021-04-30,9.6,10.493495050809294,0.8934950508092943,0.09307240112596815
05316,2021-02-28,8.5,8.673862377873528,0.17386237787352776,0.02045439739688562
05316,2021-03-31,8.3,8.62270780217689,0.32270780217688966,0.03888045809360116
05316,2021-04-30,8.0,8.869916618124075,0.8699166181240745,0.10873957726550931
05334,2021-02-28,8.2,8.392367281320912,0.1923672813209123,0.02345942455133077
05334,2021-03-31,8.2,8.463182094673874,0.26318209467387454,0.03209537739925299
05334,2021-04-30,8.2,8.779270391230156,0.5792703912301569,0.07064273063782402
05358,2021-02-28,7.3,7.522031731828127,0.2220317318281273,0.03041530572988045
05358,2021-03-31,7.2,7.485635487506868,0.28563548750686785,0.039671595487064976
05358,2021-04-30,7.1,7.700081793843572,0.6000817938435725,0.08451856251317923
05362,2021-02-28,7.4,7.471476471622445,0.07147647162244475,0.009658982651681722
05362,2021-03-31,7.3,7.381487930364677,0.08148793036467694,0.011162730186942048
05362,2021-04-30,7.2,7.520205145381164,0.3202051453811636,0.044472936858494946
05366,2021-02-28,6.2,6.196739810658843,0.003260189341157016,0.0005258369905091962
05366,2021-03-31,6.1,6.151491343056131,0.051491343056131456,0.008441203779693682
05366,2021-04-30,6.1,6.245007776793512,0.14500777679351273,0.023771766687461105
05370,2021-02-28,6.0,6.027011170154538,0.027011170154538355,0.004501861692423059
05370,2021-03-31,5.8,6.0438857905469465,0.2438857905469467,0.04204927423223219
05370,2021-04-30,5.8,6.190947412087749,0.3909474120877494,0.06740472622202576
05374,2021-02-28,6.1,6.213239539136264,0.11323953913626461,0.018563858874797477
05374,2021-03-31,5.9,6.1300847647490855,0.23008476474908512,0.03899741775408222
05374,2021-04-30,5.8,6.259204122985667,0.4592041229856676,0.07917312465270131
05378,2021-02-28,6.5,6.478473159622121,0.021526840377878997,0.003311821596596769
05378,2021-03-31,6.3,6.471865284728599,0.1718652847285993,0.027280203925174492
05378,2021-04-30,6.3,6.579928777117798,0.2799287771177985,0.04443313922504739
05382,2021-02-28,5.9,6.098788190179375,0.19878819017937488,0.03369291358972455
05382,2021-03-31,5.8,6.055026618146393,0.2550266181463936,0.043970106576964416
05382,2021-04-30,5.8,6.248555928472943,0.4485559284729428,0.0773372290470591
05512,2021-02-28,8.7,8.926662338251203,0.22666233825120408,0.02605314232772461
05512,2021-03-31,8.6,8.789222610238362,0.18922261023836207,0.02200262909748396
05512,2021-04-30,8.3,8.91086129460477,0.6108612946047689,0.07359774633792396
05513,2021-02-28,15.8,15.702595455500846,0.09740454449915426,0.006164844588554067
05513,2021-03-31,15.6,15.563583659422696,0.03641634057730414,0.002334380806237445
05513,2021-04-30,15.4,15.9138016608923,0.5138016608923,0.03336374421378571
05515,2021-02-28,5.3,5.27109112848339,0.02890887151660948,0.005454504059737638
05515,2021-03-31,5.2,5.265505871133646,0.06550587113364603,0.012597282910316544
05515,2021-04-30,5.2,5.432406754546379,0.23240675454637838,0.0446936066435343
05554,2021-02-28,4.0,4.100141984085083,0.10014198408508257,0.025035496021270642
05554,2021-03-31,3.9,4.004090154140823,0.10409015414082345,0.026689783113031655
05554,2021-04-30,3.8,4.244962347937297,0.44496234793729705,0.11709535472034134
05558,2021-02-28,3.2,3.261186391197439,0.06118639119743863,0.01912074724919957
05558,2021-03-31,3.1,3.196733769041938,0.09673376904193809,0.031204441626431642
05558,2021-04-30,3.0,3.269600368292195,0.269600368292195,0.08986678943073168
05562,2021-02-28,9.2,9.175060334606425,0.024939665393574728,0.002710833194953775
05562,2021-03-31,9.0,9.06739014706883,0.06739014706882962,0.007487794118758846
05562,2021-04-30,9.0,9.292371671136005,0.2923716711360047,0.03248574123733386
05566,2021-02-28,4.5,4.628550645468372,0.1285506454683718,0.028566810104082623
05566,2021-03-31,4.4,4.591577536355456,0.1915775363554557,0.04354034917169448
05566,2021-04-30,4.3,4.679582658988422,0.37958265898842214,0.08827503697405166
05570,2021-02-28,5.1,5.269678985109888,0.1696789851098881,0.03327038923723297
05570,2021-03-31,5.0,5.248555779588781,0.24855577958878072,0.04971115591775614
05570,2021-04-30,4.8,5.344752733396136,0.5447527333961366,0.1134901527908618
05711,2021-02-28,9.0,9.019824519025915,0.01982451902591542,0.0022027243362128246
05711,2021-03-31,8.9,8.950268705526424,0.05026870552642393,0.005648169160272352
05711,2021-04-30,9.2,9.13960986564338,0.060390134356619996,0.0065641450387630435
05754,2021-02-28,4.6,4.690918206524808,0.0909182065248082,0.019764827505393087
05754,2021-03-31,4.4,4.6238921031919045,0.2238921031919041,0.05088456890725093
05754,2021-04-30,4.3,4.761426944423165,0.4614269444231649,0.10730859172631742
05758,2021-02-28,6.1,6.144235413871682,0.04423541387168228,0.007251707192079063
05758,2021-03-31,5.8,6.132963492790604,0.3329634927906042,0.05740749875700073
05758,2021-04-30,5.8,6.245989632369385,0.44598963236938527,0.07689476420161816
05762,2021-02-28,4.4,4.499147985227297,0.09914798522729651,0.02253363300620375
05762,2021-03-31,4.2,4.455580524273877,0.2555805242738769,0.0608525057794945
05762,2021-04-30,4.2,4.52364428765497,0.3236442876549699,0.07705816372737379
05766,2021-02-28,6.4,6.544690006262502,0.1446900062625014,0.022607813478515842
05766,2021-03-31,6.2,6.483564657488678,0.2835646574886779,0.045736235078819014
05766,2021-04-30,6.1,6.572078781836871,0.47207878183687146,0.07738996423555271
05770,2021-02-28,5.9,6.094819362730114,0.19481936273011335,0.03302023097120565
05770,2021-03-31,5.7,6.095146860830118,0.39514686083011785,0.0693240106719505
05770,2021-04-30,5.5,6.225440668106712,0.725440668106712,0.13189830329212945
05774,2021-02-28,5.9,5.919556647056731,0.019556647056730547,0.0033146859418187367
05774,2021-03-31,5.8,5.924546310801246,0.12454631080124656,0.02147350186228389
05774,2021-04-30,5.7,6.086239248729933,0.3862392487299324,0.06776127170700569
05911,2021-02-28,9.8,9.693775941692286,0.1062240583077152,0.010839189623236243
05911,2021-03-31,9.5,9.74279450155797,0.24279450155797022,0.02555731595347055
05911,2021-04-30,9.5,9.98135933726848,0.48135933726847924,0.05066940392299781
05913,2021-02-28,12.1,12.081942719109072,0.018057280890927174,0.0014923372637129896
05913,2021-03-31,12.0,11.995712398372309,0.004287601627691373,0.00035730013564094776
05913,2021-04-30,11.9,12.330000034664108,0.43000003466410774,0.03613445669446284
05914,2021-02-28,12.3,12.202043694256565,0.09795630574343583,0.007963927296214295
05914,2021-03-31,12.1,12.233167086502023,0.13316708650202358,0.011005544339010213
05914,2021-04-30,12.1,12.418542166572347,0.3185421665723478,0.02632579889027668
05915,2021-02-28,9.4,9.39665408050422,0.003345919495780336,0.000355948882529823
05915,2021-03-31,9.1,9.355048619779494,0.2550486197794939,0.02802732085488944
05915,2021-04-30,8.8,9.58956570057747,0.7895657005774694,0.08972337506562152
05916,2021-02-28,12.2,12.180571027271275,0.019428972728723792,0.0015925387482560486
05916,2021-03-31,11.9,11.949989544599504,0.04998954459950333,0.004200802067185154
05916,2021-04-30,12.0,11.934988146635607,0.06501185336439264,0.00541765444703272
05954,2021-02-28,7.1,7.273936756588178,0.1739367565881782,0.024498134730729326
05954,2021-03-31,7.0,7.230091923299146,0.2300919232991463,0.0328702747570209
05954,2021-04-30,7.0,7.435460005612964,0.4354600056129643,0.06220857223042347
05958,2021-02-28,4.8,4.8737404203842205,0.07374042038422068,0.015362587580045977
05958,2021-03-31,4.5,4.824527769286129,0.3245277692861288,0.07211728206358418
05958,2021-04-30,4.4,4.891718235624366,0.4917182356243659,0.11175414446008315
05962,2021-02-28,7.5,7.582777857926227,0.08277785792622705,0.01103704772349694
05962,2021-03-31,7.3,7.521996015255558,0.22199601525555845,0.030410413048706637
05962,2021-04-30,7.2,7.82682834413398,0.6268283441339797,0.08705949224083051
05966,2021-02-28,4.5,4.55254470041223,0.052544700412229695,0.0116766000916066
05966,2021-03-31,4.3,4.548551545079598,0.2485515450795983,0.05780268490223217
05966,2021-04-30,4.1,4.635598465318307,0.5355984653183077,0.13063377202885554
05970,2021-02-28,6.0,5.982138694162905,0.01786130583709511,0.002976884306182518
05970,2021-03-31,5.8,6.034414110830114,0.2344141108301141,0.04041622600519209
05970,2021-04-30,5.8,6.17269928660124,0.3726992866012404,0.06425849768986903
05974,2021-02-28,6.0,6.041452745445792,0.041452745445791805,0.006908790907631968
05974,2021-03-31,5.8,5.992702704640686,0.19270270464068595,0.03322460424839413
05974,2021-04-30,5.7,6.096862425646644,0.39686242564664376,0.06962498695555154
05978,2021-02-28,8.0,8.04709764489343,0.04709764489343016,0.00588720561167877
05978,2021-03-31,7.9,8.114015406736382,0.2140154067363813,0.02709055781473181
05978,2021-04-30,7.8,8.274728976751337,0.4747289767513374,0.060862689327094543
06411,2021-02-28,6.3,6.476369408839799,0.17636940883979957,0.027995144260285647
06411,2021-03-31,6.0,6.540483783247892,0.5404837832478924,0.09008063054131539
06411,2021-04-30,6.0,6.868056042573413,0.8680560425734134,0.1446760070955689
06412,2021-02-28,7.3,7.293847335943178,0.0061526640568221325,0.0008428306927153606
06412,2021-03-31,7.1,7.3127247833447155,0.2127247833447159,0.029961237090805056
06412,2021-04-30,7.0,7.737248665903802,0.7372486659038016,0.10532123798625737
06413,2021-02-28,10.7,10.899588599271269,0.19958859927126937,0.018653140118810224
06413,2021-03-31,10.4,11.082609645375513,0.6826096453755124,0.0656355428245685
06413,2021-04-30,10.2,11.37535214367863,1.17535214367863,0.11523060232143433
06414,2021-02-28,8.1,8.249216597325232,0.14921659732523196,0.018421802138917528
06414,2021-03-31,7.9,8.302738468818534,0.4027384688185336,0.05097955301500425
06414,2021-04-30,7.8,8.565703742761547,0.7657037427615476,0.09816714650789073
06431,2021-02-28,4.3,4.510303093521362,0.2103030935213619,0.048907696167758585
06431,2021-03-31,4.2,4.435193452081459,0.23519345208145914,0.05599844097177598
06431,2021-04-30,4.0,4.5393732081366345,0.5393732081366345,0.13484330203415862
06432,2021-02-28,5.2,5.149831138402543,0.05016886159745759,0.009647857999511076
06432,2021-03-31,5.1,5.102806786738758,0.002806786738758227,0.0005503503409329857
06432,2021-04-30,4.9,5.240580901411055,0.34058090141105435,0.06950630641041924
06433,2021-02-28,6.1,6.154170450160161,0.05417045016016164,0.00888040166560027
06433,2021-03-31,5.9,6.120154033343156,0.22015403334315575,0.03731424293951792
06433,2021-04-30,5.8,6.391344452153305,0.5913444521533053,0.10195594002643196
06434,2021-02-28,5.1,5.045868660508198,0.05413133949180171,0.010613988135647396
06434,2021-03-31,4.9,4.990722515613866,0.0907225156138658,0.01851479910487057
06434,2021-04-30,4.8,5.1704861770785975,0.37048617707859766,0.07718462022470785
06435,2021-02-28,5.5,5.8137719463571536,0.31377194635715355,0.05704944479220974
06435,2021-03-31,5.2,5.857895074084381,0.6578950740843812,0.12651828347776561
06435,2021-04-30,5.2,6.068338606321197,0.8683386063211964,0.166988193523307
06436,2021-02-28,4.8,4.942375657456847,0.14237565745684755,0.029661595303509907
06436,2021-03-31,4.6,4.974183715582647,0.37418371558264774,0.08134428599622777
06436,2021-04-30,4.6,5.074873812387027,0.4748738123870275,0.10323343747544078
06437,2021-02-28,4.9,5.065878897185508,0.1658788971855074,0.03385283616030763
06437,2021-03-31,4.7,5.030542380044669,0.33054238004466896,0.07032816596695084
06437,2021-04-30,4.6,5.094297227705763,0.4942972277057631,0.10745591906647026
06438,2021-02-28,5.9,6.285371410765737,0.3853714107657362,0.06531718826537902
06438,2021-03-31,5.8,6.298125784349104,0.4981257843491038,0.08588375592225928
06438,2021-04-30,5.8,6.537888208395166,0.7378882083951659,0.12722210489571825
06439,2021-02-28,4.9,5.062260931535199,0.16226093153519905,0.03311447582351001
06439,2021-03-31,4.8,4.980329400823076,0.18032940082307647,0.03756862517147427
06439,2021-04-30,4.7,5.0604176045075775,0.3604176045075773,0.07668459670373985
06440,2021-02-28,4.8,4.836826367159053,0.036826367159052964,0.007672159824802701
06440,2021-03-31,4.6,4.72961768122681,0.1296176812268106,0.02817775678843709
06440,2021-04-30,4.6,4.893135887535985,0.2931358875359855,0.06372519294260555
06531,2021-02-28,6.1,5.970409829307001,0.12959017069299872,0.021244290277540774
06531,2021-03-31,6.0,5.8738115127582935,0.1261884872417065,0.021031414540284416
06531,2021-04-30,5.9,5.983341436260822,0.08334143626082202,0.014125667162851189
06532,2021-02-28,5.7,5.87120106309386,0.17120106309385985,0.030035274226992956
06532,2021-03-31,5.5,5.8764837950337,0.37648379503369966,0.0684515990970363
06532,2021-04-30,5.3,6.016813095450925,0.7168130954509255,0.1352477538586652
06533,2021-02-28,5.4,5.385501430292695,0.014498569707305009,0.002684920316167594
06533,2021-03-31,5.0,5.258791259355298,0.2587912593552977,0.051758251871059535
06533,2021-04-30,4.9,5.320209459100155,0.42020945910015506,0.08575703246941939
06534,2021-02-28,4.6,4.584366873765917,0.015633126234082972,0.003398505703061516
06534,2021-03-31,4.4,4.581745396682886,0.18174539668288592,0.04130577197338316
06534,2021-04-30,4.2,4.6913182330064895,0.49131823300648936,0.11698053166821175
06535,2021-02-28,4.1,4.094901073171139,0.005098926828861039,0.001243640689966107
06535,2021-03-31,3.9,4.01794814516274,0.11794814516274021,0.030243114144292364
06535,2021-04-30,3.8,4.042175420204214,0.24217542020421412,0.06373037373795108
06611,2021-02-28,8.7,8.767104838292047,0.06710483829204783,0.007713199803683659
06611,2021-03-31,8.6,8.553717645555983,0.04628235444401696,0.005381669121397321
06611,2021-04-30,8.6,8.860866195042513,0.26086619504251374,0.030333278493315553
06631,2021-02-28,3.7,3.722193754891132,0.022193754891131956,0.005998312132738366
06631,2021-03-31,3.5,3.622097332696655,0.12209733269665479,0.03488495219904423
06631,2021-04-30,3.3,3.672478025583669,0.37247802558366905,0.1128721289647482
06632,2021-02-28,4.2,4.33826091038712,0.13826091038712018,0.032919264377885754
06632,2021-03-31,4.0,4.2351304090822905,0.23513040908229055,0.05878260227057264
06632,2021-04-30,3.9,4.2516126284885765,0.35161262848857655,0.09015708422784015
06633,2021-02-28,4.4,4.497492898885574,0.09749289888557389,0.022157477019448608
06633,2021-03-31,4.2,4.457816939373073,0.2578169393730727,0.06138498556501731
06633,2021-04-30,4.2,4.507652808002223,0.3076528080022225,0.07325066857195774
06634,2021-02-28,4.4,4.270043201037876,0.12995679896212398,0.029535636127755446
06634,2021-03-31,4.2,4.159959223844218,0.04004077615578261,0.009533518132329192
06634,2021-04-30,4.1,4.273507996805487,0.17350799680548779,0.04231902361109459
06635,2021-02-28,4.3,4.559980303364447,0.259980303364447,0.060460535666150464
06635,2021-03-31,4.1,4.454192144774785,0.35419214477478533,0.08638832799385009
06635,2021-04-30,4.0,4.530774395046104,0.5307743950461044,0.1326935987615261
06636,2021-02-28,6.0,6.119409748341528,0.1194097483415284,0.019901624723588068
06636,2021-03-31,5.8,5.892663173748378,0.09266317374837829,0.015976409266961776
06636,2021-04-30,5.7,6.045180142748405,0.34518014274840514,0.06055791978042195
07111,2021-02-28,7.1,7.196043666403814,0.09604366640381468,0.013527276958283757
07111,2021-03-31,7.0,7.2106192279663475,0.21061922796634747,0.030088461138049638
07111,2021-04-30,6.8,7.23823735430697,0.4382373543069704,0.06444666975102506
07131,2021-02-28,4.7,4.8169038009053065,0.11690380090530628,0.024873149128788567
07131,2021-03-31,4.6,4.749358802945745,0.14935880294574577,0.032469304988205605
07131,2021-04-30,4.4,4.74454616091636,0.3445461609163596,0.07830594566280899
07132,2021-02-28,5.6,5.531092063504859,0.06890793649514038,0.012304988659846496
07132,2021-03-31,5.5,5.472399428404626,0.027600571595374213,0.005018285744613493
07132,2021-04-30,5.5,5.613332890697216,0.1133328906972162,0.02060598012676658
07133,2021-02-28,6.7,6.864288928703409,0.1642889287034084,0.024520735627374387
07133,2021-03-31,6.5,6.772666358086835,0.2726663580868349,0.041948670474897684
07133,2021-04-30,6.5,6.931533693529875,0.43153369352987525,0.0663897990045962
07134,2021-02-28,6.7,6.751139791016396,0.05113979101639554,0.007632804629312767
07134,2021-03-31,6.3,6.649603494485132,0.34960349448513206,0.055492618172243185
07134,2021-04-30,6.2,6.699374290767291,0.4993742907672907,0.0805442404463372
07135,2021-02-28,5.0,5.1701443226038055,0.17014432260380552,0.03402886452076111
07135,2021-03-31,4.7,4.871109037303706,0.1711090373037054,0.036406178149724557
07135,2021-04-30,4.4,4.45765864909609,0.057658649096089754,0.013104238430929489
07137,2021-02-28,3.9,4.028217746291061,0.12821774629106075,0.03287634520283609
07137,2021-03-31,3.8,3.9104152257828737,0.11041522578287388,0.02905663836391418
07137,2021-04-30,3.7,3.9228312852737295,0.2228312852737293,0.060224671695602514
07138,2021-02-28,5.8,5.91276151577295,0.11276151577295046,0.019441640650508702
07138,2021-03-31,5.7,5.849919693774084,0.1499196937740841,0.026301700662120016
07138,2021-04-30,5.5,5.952775748263669,0.45277574826366873,0.08232286332066704
07140,2021-02-28,4.5,4.659455237404106,0.1594552374041056,0.03543449720091236
07140,2021-03-31,4.3,4.4688393754044,0.1688393754044002,0.039264971024279116
07140,2021-04-30,4.2,4.5227855816936335,0.32278558169363336,0.07685370992705556
07141,2021-02-28,4.0,4.128066105874295,0.12806610587429468,0.03201652646857367
07141,2021-03-31,3.8,3.978570661209876,0.1785706612098763,0.04699227926575692
07141,2021-04-30,3.7,4.107228627448987,0.4072286274489869,0.11006179120242889
07143,2021-02-28,3.6,3.7091477703449542,0.10914777034495415,0.0303188250958206
07143,2021-03-31,3.5,3.613233120517005,0.11323312051700496,0.032352320147715705
07143,2021-04-30,3.4,3.80122638213841,0.4012263821384101,0.11800775945247356
07211,2021-02-28,6.6,6.7277562587288005,0.1277562587288008,0.019357008898303153
07211,2021-03-31,6.6,6.668557985160271,0.06855798516027178,0.01038757350913209
07211,2021-04-30,6.5,6.991331688147732,0.4913316881477323,0.07558949048426651
07231,2021-02-28,4.1,4.129209470221254,0.02920947022125464,0.007124261029574303
07231,2021-03-31,3.9,3.936116801841446,0.036116801841445945,0.009260718420883576
07231,2021-04-30,3.8,3.792967237685223,0.007032762314776786,0.0018507269249412595
07232,2021-02-28,3.3,3.4328248081393906,0.1328248081393908,0.040249941860421454
07232,2021-03-31,3.2,3.243022054215316,0.04302205421531591,0.013444391942286221
07232,2021-04-30,3.1,3.2721934698941277,0.17219346989412765,0.05554628061100892
07233,2021-02-28,4.2,4.289018345954459,0.08901834595445912,0.021194844274871217
07233,2021-03-31,3.9,4.243069331626022,0.34306933162602204,0.0879664952887236
07233,2021-04-30,3.7,4.220326730778965,0.5203267307789652,0.14062884615647708
07235,2021-02-28,3.3,3.2664768835029605,0.03352311649703932,0.010158520150617975
07235,2021-03-31,3.2,3.2283296551051923,0.028329655105192142,0.008853017220372544
07235,2021-04-30,3.2,3.26515180204037,0.06515180204036986,0.02035993813761558
07311,2021-02-28,8.6,8.85800484741005,0.25800484741005114,0.03000056365233153
07311,2021-03-31,8.5,8.790484679758162,0.29048467975816195,0.03417466820684258
07311,2021-04-30,8.6,9.020768425623473,0.42076842562347316,0.04892656111900851
07312,2021-02-28,9.7,9.682867466068627,0.01713253393137215,0.0017662406114816653
07312,2021-03-31,9.6,9.627277648644691,0.02727764864469151,0.0028414217338220324
07312,2021-04-30,9.4,9.839617279365724,0.4396172793657236,0.046767795677204634
07313,2021-02-28,6.2,6.071530573770195,0.12846942622980517,0.020720875198355672
07313,2021-03-31,5.9,5.987369666512135,0.08736966651213507,0.014808418052904249
07313,2021-04-30,5.8,6.097926855203033,0.2979268552030332,0.05136669917293676
07314,2021-02-28,10.2,10.315171637541496,0.11517163754149706,0.011291337013872261
07314,2021-03-31,10.1,10.249581155786316,0.1495811557863167,0.014810015424387793
07314,2021-04-30,10.0,10.608025101053023,0.6080251010530233,0.06080251010530233
07315,2021-02-28,6.3,6.332773376910529,0.03277337691052917,0.005202123319131615
07315,2021-03-31,6.2,6.314820109302924,0.11482010930292397,0.018519372468213544
07315,2021-04-30,6.1,6.630458246745957,0.5304582467459573,0.0869603683190094
07316,2021-02-28,6.5,6.471531017429358,0.0284689825706419,0.004379843472406446
07316,2021-03-31,6.4,6.393535970386742,0.006464029613258759,0.0010100046270716811
07316,2021-04-30,6.3,6.538182637334106,0.2381826373341065,0.03780676783081056
07317,2021-02-28,12.1,12.063472638215714,0.03652736178428562,0.0030187902301062495
07317,2021-03-31,11.9,11.937671757814089,0.03767175781408838,0.0031656939339570066
07317,2021-04-30,11.9,12.107593825767603,0.20759382576760288,0.017444859308201922
07318,2021-02-28,6.9,6.962800452903069,0.06280045290306902,0.009101514913488262
07318,2021-03-31,6.9,6.914151078969036,0.01415107896903578,0.0020508810100051855
07318,2021-04-30,6.9,7.058335881114636,0.1583358811146356,0.022947229147048637
07319,2021-02-28,9.2,9.129626437691888,0.0703735623081112,0.0076493002508816535
07319,2021-03-31,8.9,9.122545377041002,0.2225453770410013,0.02500509854393273
07319,2021-04-30,8.7,9.481696222879384,0.7816962228793845,0.08985014056084879
07320,2021-02-28,7.3,7.275190197476571,0.02480980252342846,0.003398603085401159
07320,2021-03-31,7.0,7.074687684530763,0.07468768453076269,0.010669669218680384
07320,2021-04-30,6.7,7.198095061913868,0.498095061913868,0.07434254655430865
07331,2021-02-28,5.0,4.9148319948747865,0.0851680051252135,0.0170336010250427
07331,2021-03-31,4.8,4.864214266882289,0.06421426688228937,0.01337797226714362
07331,2021-04-30,4.7,5.020724489611467,0.32072448961146716,0.0682392531088228
07332,2021-02-28,4.7,4.745455479757109,0.045455479757109174,0.009671378671725355
07332,2021-03-31,4.6,4.648253449072384,0.04825344907238449,0.010489880233127065
07332,2021-04-30,4.5,4.721569810169996,0.22156981016999566,0.04923773559333237
07333,2021-02-28,6.2,6.366411707634123,0.16641170763412294,0.0268405980055037
07333,2021-03-31,6.0,6.363481961023955,0.3634819610239548,0.0605803268373258
07333,2021-04-30,5.9,6.477762893224774,0.577762893224774,0.0979259141058939
07334,2021-02-28,4.7,4.965959565663918,0.265959565663918,0.05658714163062085
07334,2021-03-31,4.5,4.916635962646861,0.4166359626468612,0.09258576947708026
07334,2021-04-30,4.4,5.015305115640474,0.6153051156404734,0.13984207173647123
07335,2021-02-28,5.7,5.668072164993848,0.03192783500615182,0.005601374562482775
07335,2021-03-31,5.6,5.57039109730388,0.029608902696119266,0.005287304052878441
07335,2021-04-30,5.5,5.683340079971038,0.18334007997103807,0.0333345599947342
07336,2021-02-28,5.1,5.008610868314378,0.0913891316856219,0.017919437585416063
07336,2021-03-31,4.9,4.941564430026946,0.041564430026945764,0.008482536740193013
07336,2021-04-30,4.7,4.992141682895241,0.2921416828952408,0.062157804871327826
07337,2021-02-28,4.8,4.734815073343776,0.06518492665622411,0.013580193053380023
07337,2021-03-31,4.6,4.682882330458029,0.08288233045802951,0.01801789792565859
07337,2021-04-30,4.5,4.780277711103178,0.280277711103178,0.06228393580070622
07338,2021-02-28,4.6,4.636249065405803,0.036249065405803194,0.007880231609957216
07338,2021-03-31,4.5,4.600371924278789,0.1003719242787886,0.022304872061953022
07338,2021-04-30,4.5,4.671998644404479,0.17199864440447943,0.03822192097877321
07339,2021-02-28,4.5,4.541389816709374,0.041389816709373584,0.009197737046527463
07339,2021-03-31,4.3,4.502280450251921,0.2022804502519211,0.04704196517486537
07339,2021-04-30,4.3,4.627419641770147,0.32741964177014715,0.07614410273724352
07340,2021-02-28,4.3,4.423451560308784,0.12345156030878446,0.02870966518808941
07340,2021-03-31,4.2,4.283962016825767,0.0839620168257671,0.0199909563870874
07340,2021-04-30,4.1,4.326738042125784,0.22673804212578474,0.055301961494093846
08111,2021-02-28,5.6,5.536865201463359,0.06313479853664106,0.011274071167257333
08111,2021-03-31,5.5,5.514665538189571,0.014665538189571059,0.0026664614890129197
08111,2021-04-30,5.4,5.700228997258394,0.3002289972583938,0.05559796245525811
08115,2021-02-28,4.1,4.031667174678549,0.06833282532145102,0.01666654276132952
08115,2021-03-31,4.0,3.910185554924176,0.08981444507582381,0.022453611268955953
08115,2021-04-30,3.8,4.10180558125563,0.3018055812556302,0.07942252138306058
08116,2021-02-28,4.4,4.436712606744321,0.036712606744321086,0.008343774260072974
08116,2021-03-31,4.3,4.461360263126639,0.16136026312663887,0.03752564258759044
08116,2021-04-30,4.2,4.656265487422091,0.4562654874220904,0.10863463986240247
08117,2021-02-28,4.9,5.10636666045948,0.20636666045948004,0.042115644991730615
08117,2021-03-31,4.8,5.187136207937412,0.3871362079374121,0.08065337665362753
08117,2021-04-30,4.8,5.34763133435385,0.5476313343538504,0.11408986132371883
08118,2021-02-28,3.7,3.749563107177957,0.049563107177956756,0.013395434372420745
08118,2021-03-31,3.7,3.673862868398951,0.026137131601049024,0.007064089621905141
08118,2021-04-30,3.6,3.79774855019765,0.19774855019764992,0.05493015283268053
08119,2021-02-28,4.6,4.754061370582,0.1540613705820002,0.03349160230043483
08119,2021-03-31,4.5,4.72061796368348,0.2206179636834804,0.04902621415188454
08119,2021-04-30,4.4,4.943350922350927,0.5433509223509265,0.12348884598884692
08121,2021-02-28,6.4,6.436083617030047,0.036083617030046256,0.005638065160944727
08121,2021-03-31,6.4,6.428417164047429,0.028417164047428223,0.00444018188241066
08121,2021-04-30,6.1,6.60333009234089,0.5033300923408905,0.08251312989194927
08125,2021-02-28,4.0,3.9373935605469264,0.06260643945307365,0.015651609863268412
08125,2021-03-31,3.8,3.914997364009215,0.11499736400921501,0.03026246421295132
08125,2021-04-30,3.7,4.011849444104323,0.3118494441043227,0.08428363354170883
08126,2021-02-28,3.5,3.5439215478278303,0.04392154782783031,0.012549013665094375
08126,2021-03-31,3.3,3.531718909316479,0.23171890931647932,0.07021785130802403
08126,2021-04-30,3.1,3.605532009688305,0.5055320096883049,0.16307484183493706
08127,2021-02-28,3.6,3.699228295772019,0.09922829577201897,0.027563415492227492
08127,2021-03-31,3.5,3.647063744240063,0.14706374424006308,0.042018212640018024
08127,2021-04-30,3.4,3.7199591134540255,0.3199591134540256,0.09410562160412518
08128,2021-02-28,3.8,3.960278966228884,0.16027896622888438,0.042178675323390626
08128,2021-03-31,3.7,3.91004423120368,0.21004423120367965,0.056768711136129635
08128,2021-04-30,3.6,3.9568334462246746,0.3568334462246745,0.09912040172907624
08135,2021-02-28,5.1,5.3409336713156055,0.24093367131560584,0.04724189633639331
08135,2021-03-31,4.8,5.35785714865119,0.5578571486511903,0.11622023930233132
08135,2021-04-30,4.6,5.475695160286183,0.8756951602861838,0.19036851310569214
08136,2021-02-28,3.8,3.966066536127761,0.16606653612776112,0.04370172003362135
08136,2021-03-31,3.6,3.970768387155213,0.37076838715521276,0.10299121865422577
08136,2021-04-30,3.5,4.0327552369575725,0.5327552369575725,0.15221578198787786
08211,2021-02-28,6.2,6.496459605286675,0.2964596052866746,0.04781606536881848
08211,2021-03-31,6.1,6.390039324032242,0.2900393240322421,0.047547430169220015
08211,2021-04-30,5.8,6.592276234461421,0.7922762344614211,0.13659935076921054
08212,2021-02-28,5.2,5.246807031981224,0.046807031981224156,0.009001352304081568
08212,2021-03-31,5.1,5.219544010230923,0.11954401023092309,0.023440002006063353
08212,2021-04-30,5.1,5.482671416766978,0.38267141676697847,0.0750336111307801
08215,2021-02-28,3.8,3.91109169744495,0.11109169744495029,0.02923465722235534
08215,2021-03-31,3.8,3.885909925365932,0.08590992536593234,0.022607875096297986
08215,2021-04-30,3.6,4.105863234694415,0.5058632346944152,0.1405175651928931
08216,2021-02-28,4.2,4.237646269483404,0.037646269483404105,0.008963397496048596
08216,2021-03-31,4.0,4.156653114388806,0.15665311438880636,0.03916327859720159
08216,2021-04-30,3.9,4.195457516700786,0.29545751670078646,0.07575833761558627
08221,2021-02-28,5.3,5.4564194125723136,0.15641941257231373,0.02951309671175731
08221,2021-03-31,5.2,5.453793057227225,0.25379305722722467,0.048806357159081666
08221,2021-04-30,5.2,5.722001946727287,0.5220019467272872,0.10038498975524753
08222,2021-02-28,7.7,7.698023211544887,0.0019767884551136206,0.0002567257733913793
08222,2021-03-31,7.6,7.6423781048118755,0.04237810481187587,0.005576066422615247
08222,2021-04-30,7.6,8.039926939487412,0.4399269394874121,0.057885123616764754
08225,2021-02-28,4.1,4.165652347661704,0.06565234766170391,0.01601276772236681
08225,2021-03-31,4.0,4.081362107453579,0.08136210745357886,0.020340526863394714
08225,2021-04-30,3.9,4.083665105007981,0.18366510500798094,0.04709361666871306
08226,2021-02-28,4.7,4.720140983190928,0.020140983190927386,0.004285315572537742
08226,2021-03-31,4.5,4.647674088953055,0.147674088953055,0.03281646421179
08226,2021-04-30,4.4,4.872671355910226,0.4726713559102258,0.10742530816141495
08231,2021-02-28,7.6,7.679785033602725,0.07978503360272526,0.010498030737200693
08231,2021-03-31,7.5,7.676531112112634,0.17653111211263361,0.023537481615017817
08231,2021-04-30,7.4,7.802133915719369,0.40213391571936885,0.05434242104315795
08235,2021-02-28,4.0,4.123603365905142,0.12360336590514187,0.030900841476285468
08235,2021-03-31,3.9,4.102901291450284,0.20290129145028368,0.052025972166739404
08235,2021-04-30,3.9,4.234782799663809,0.3347827996638091,0.08584174350354079
08236,2021-02-28,3.7,3.714824978640259,0.014824978640259001,0.004006750983853784
08236,2021-03-31,3.6,3.700675698394853,0.10067569839485291,0.02796547177634803
08236,2021-04-30,3.5,3.8472887075379383,0.3472887075379383,0.0992253450108395
08237,2021-02-28,4.1,4.134430057095887,0.034430057095887534,0.008397574901435985
08237,2021-03-31,3.9,4.053157308008643,0.15315730800864324,0.03927110461760083
08237,2021-04-30,3.7,4.121625777535392,0.4216257775353922,0.11395291284740329
08311,2021-02-28,6.0,5.967276429299107,0.0327235707008926,0.005453928450148767
08311,2021-03-31,5.8,6.034544733090138,0.23454473309013846,0.040438747084506635
08311,2021-04-30,5.8,6.311156685744819,0.5111566857448189,0.08813046305945153
08315,2021-02-28,3.6,3.641821682299893,0.04182168229989269,0.011617133972192415
08315,2021-03-31,3.5,3.590932087131484,0.09093208713148382,0.02598059632328109
08315,2021-04-30,3.3,3.692692928540046,0.392692928540046,0.11899785713334728
08316,2021-02-28,3.6,3.543346300027258,0.05665369997274228,0.015737138881317298
08316,2021-03-31,3.5,3.5098584016818397,0.009858401681839712,0.0028166861948113464
08316,2021-04-30,3.3,3.554784565481323,0.254784565481323,0.0772074440852494
08317,2021-02-28,4.0,4.240679959633327,0.24067995963332667,0.06016998990833167
08317,2021-03-31,3.9,4.167514246235906,0.26751424623590614,0.06859339647074517
08317,2021-04-30,3.8,4.179241592100358,0.37924159210035846,0.09980041897377855
08325,2021-02-28,3.5,3.64187622951142,0.14187622951141998,0.04053606557469142
08325,2021-03-31,3.2,3.557069507088052,0.35706950708805163,0.11158422096501613
08325,2021-04-30,3.1,3.6681529182560806,0.5681529182560805,0.18327513492131628
08326,2021-02-28,4.6,4.734639015514421,0.1346390155144217,0.02926935119878733
08326,2021-03-31,4.6,4.678573123408822,0.07857312340882228,0.017081113784526585
08326,2021-04-30,4.4,4.84278215615298,0.44278215615297967,0.10063230821658628
08327,2021-02-28,4.0,4.171766717501475,0.17176671750147499,0.042941679375368746
08327,2021-03-31,4.0,4.190050930366902,0.19005093036690202,0.047512732591725504
08327,2021-04-30,3.8,4.274063639922597,0.4740636399225968,0.12475358945331495
08335,2021-02-28,4.7,4.674260178318129,0.02573982168187161,0.005476557804653534
08335,2021-03-31,4.5,4.54331175757357,0.0433117575735702,0.009624835016348933
08335,2021-04-30,4.3,4.611891829677668,0.31189182967766804,0.07253298364596932
08336,2021-02-28,5.1,5.271993844076713,0.17199384407671303,0.033724283152296676
08336,2021-03-31,5.1,5.248683685568402,0.14868368556840217,0.029153663836941603
08336,2021-04-30,5.0,5.399972401872095,0.3999724018720947,0.07999448037441895
08337,2021-02-28,4.5,4.533145565023469,0.033145565023469103,0.007365681116326467
08337,2021-03-31,4.3,4.463583683742914,0.16358368374291388,0.038042717149514856
08337,2021-04-30,4.2,4.561895603267742,0.36189560326774206,0.08616561982565286
08415,2021-02-28,4.6,4.595333824644533,0.004666175355466429,0.001014385946840528
08415,2021-03-31,4.5,4.638769920319111,0.13876992031911062,0.030837760070913472
08415,2021-04-30,4.4,4.773803241477367,0.37380324147736665,0.08495528215394696
08416,2021-02-28,3.4,3.515667326990648,0.11566732699064808,0.03401980205607297
08416,2021-03-31,3.3,3.4682051878942963,0.1682051878942965,0.05097126905887773
08416,2021-04-30,3.3,3.5896629975180128,0.28966299751801294,0.08777666591454938
08417,2021-02-28,4.3,4.411042798222948,0.11104279822294849,0.025823906563476395
08417,2021-03-31,4.1,4.427232879024313,0.3272328790243133,0.07981289732300326
08417,2021-04-30,4.0,4.443323556336362,0.4433235563363622,0.11083088908409056
08421,2021-02-28,4.5,4.517447121575856,0.017447121575855817,0.0038771381279679596
08421,2021-03-31,4.4,4.494027172158973,0.09402717215897294,0.02136981185431203
08421,2021-04-30,4.3,4.595427461720816,0.29542746172081635,0.06870406086530613
08425,2021-02-28,3.3,3.4106391881092315,0.11063918810923168,0.033527026699767176
08425,2021-03-31,3.1,3.4180136261527325,0.31801362615273243,0.10258504069442981
08425,2021-04-30,3.0,3.471692143426432,0.47169214342643206,0.15723071447547735
08426,2021-02-28,2.8,2.9000169837111938,0.10001698371119394,0.03572035132542641
08426,2021-03-31,2.6,2.8490559067792907,0.24905590677929057,0.09579073337665021
08426,2021-04-30,2.6,2.9223400940829016,0.32234009408290154,0.12397695926265444
08435,2021-02-28,3.5,3.790906168948453,0.2909061689484531,0.0831160482709866
08435,2021-03-31,3.3,3.646896190846316,0.3468961908463162,0.10512005783221703
08435,2021-04-30,3.2,3.5434214560635624,0.3434214560635622,0.1073192050198632
08436,2021-02-28,3.4,3.5037672166218,0.1037672166218,0.03051976959464706
08436,2021-03-31,3.2,3.4575845089493806,0.25758450894938045,0.08049515904668139
08436,2021-04-30,3.1,3.512755966385426,0.4127559663854261,0.13314708593078262
08437,2021-02-28,3.8,3.888317224277722,0.08831722427772215,0.02324137480992688
08437,2021-03-31,3.6,3.819929019053693,0.2199290190536929,0.061091394181581354
08437,2021-04-30,3.6,3.864527112550789,0.26452711255078887,0.07347975348633023
09161,2021-02-28,4.2,4.314120974947372,0.1141209749473715,0.02717166070175512
09161,2021-03-31,4.1,4.323818167786828,0.2238181677868285,0.05458979702117769
09161,2021-04-30,3.9,4.519393297423558,0.6193932974235579,0.15881879421116868
09162,2021-02-28,5.3,5.39805633110983,0.09805633110982992,0.018501194549024515
09162,2021-03-31,5.2,5.460967496031902,0.2609674960319017,0.05018605692921187
09162,2021-04-30,5.1,5.72369305484403,0.62369305484403,0.1222927558517706
09163,2021-02-28,5.6,5.856145765481379,0.2561457654813797,0.04574031526453209
09163,2021-03-31,5.2,5.771691519620968,0.571691519620968,0.10994067685018614
09163,2021-04-30,5.1,6.0160003549678,0.9160003549678004,0.1796079127387844
09171,2021-02-28,4.0,4.102707165012262,0.10270716501226218,0.025676791253065545
09171,2021-03-31,3.6,3.85741235126247,0.25741235126246975,0.0715034309062416
09171,2021-04-30,3.3,3.7277353822542008,0.42773538225420094,0.129616782501273
09172,2021-02-28,5.7,5.839409072407465,0.13940907240746458,0.024457732001309577
09172,2021-03-31,5.3,5.559102081604249,0.2591020816042491,0.048887185208348886
09172,2021-04-30,4.6,5.401743377305814,0.8017433773058142,0.17429203854474223
09173,2021-02-28,3.5,3.492256573784524,0.007743426215475857,0.002212407490135959
09173,2021-03-31,3.3,3.35549742072918,0.05549742072918029,0.016817400220963726
09173,2021-04-30,3.0,3.3441711631546944,0.3441711631546944,0.11472372105156481
09174,2021-02-28,3.2,3.42111785210777,0.22111785210776969,0.06909932878367803
09174,2021-03-31,3.0,3.371278880174857,0.3712788801748572,0.1237596267249524
09174,2021-04-30,2.8,3.414717409106966,0.6147174091069663,0.21954193182391654
09175,2021-02-28,2.8,2.9994240974670183,0.1994240974670185,0.07122289195250661
09175,2021-03-31,2.6,2.9321671744731157,0.3321671744731156,0.12775660556658291
09175,2021-04-30,2.5,2.94019095649328,0.44019095649328,0.176076382597312
09176,2021-02-28,2.3,2.310287386067607,0.010287386067607152,0.0044727765511335445
09176,2021-03-31,2.2,2.2713288346612592,0.07132883466125906,0.03242219757329957
09176,2021-04-30,2.1,2.311657466120215,0.21165746612021508,0.10078926958105479
09177,2021-02-28,3.0,3.080684206230226,0.08068420623022599,0.026894735410075327
09177,2021-03-31,2.8,2.96433024706937,0.16433024706937038,0.05868937395334657
09177,2021-04-30,2.6,2.9789597486310964,0.37895974863109627,0.14575374947349856
09178,2021-02-28,3.3,3.377066398903028,0.07706639890302824,0.023353454213038864
09178,2021-03-31,3.0,3.2592161614917323,0.2592161614917323,0.08640538716391077
09178,2021-04-30,2.9,3.245472456726851,0.345472456726851,0.11912843335408656
09179,2021-02-28,3.8,3.954302484791151,0.15430248479115116,0.04060591705030294
09179,2021-03-31,3.7,3.883374311706653,0.18337431170665264,0.04956062478558179
09179,2021-04-30,3.6,3.910567874602872,0.3105678746028717,0.08626885405635325
09180,2021-02-28,4.8,4.914054084595228,0.11405408459522803,0.023761267624005843
09180,2021-03-31,4.5,4.838267142631075,0.33826714263107505,0.0751704761402389
09180,2021-04-30,4.1,4.886258218050152,0.7862582180501523,0.19177029708540302
09181,2021-02-28,3.4,3.562137737832119,0.16213773783211893,0.04768756995062322
09181,2021-03-31,3.2,3.4923253318413305,0.29232533184133036,0.09135166620041574
09181,2021-04-30,3.0,3.48065786736316,0.48065786736315985,0.1602192891210533
09182,2021-02-28,3.8,3.73113210867603,0.06886789132396975,0.018123129295781516
09182,2021-03-31,3.6,3.657609657953829,0.057609657953829,0.016002682764952498
09182,2021-04-30,3.2,3.5380915706253058,0.3380915706253056,0.105653615820408
09183,2021-02-28,4.3,4.388527075119698,0.08852707511969804,0.02058769188830187
09183,2021-03-31,4.0,4.250576860199826,0.2505768601998257,0.06264421504995643
09183,2021-04-30,3.6,4.163908051716646,0.5639080517166462,0.15664112547684614
09184,2021-02-28,3.5,3.5014836078457163,0.0014836078457163282,0.0004238879559189509
09184,2021-03-31,3.3,3.476555164012476,0.17655516401247606,0.053501564852265475
09184,2021-04-30,3.2,3.630758373466544,0.4307583734665439,0.13461199170829496
09185,2021-02-28,3.1,3.0524674820388062,0.04753251796119384,0.01533307031006253
09185,2021-03-31,2.7,2.944218658233817,0.24421865823381683,0.09045135490141364
09185,2021-04-30,2.4,2.913826486257441,0.5138264862574409,0.21409436927393372
09186,2021-02-28,3.0,3.001879334091901,0.001879334091900997,0.0006264446973003324
09186,2021-03-31,2.7,2.8686437583580053,0.16864375835800516,0.06246065124370561
09186,2021-04-30,2.4,2.8271167237792563,0.42711672377925636,0.17796530157469015
09187,2021-02-28,3.2,3.359557975799332,0.15955797579933195,0.049861867437291235
09187,2021-03-31,3.0,3.273957429474684,0.27395742947468404,0.09131914315822802
09187,2021-04-30,2.8,3.2844802643717674,0.4844802643717676,0.17302866584705986
09188,2021-02-28,3.9,3.9517858804854216,0.051785880485421654,0.01327843089369786
09188,2021-03-31,3.6,3.8592465661301496,0.2592465661301495,0.07201293503615264
09188,2021-04-30,3.5,3.88715449063672,0.3871544906367199,0.11061556875334855
09189,2021-02-28,4.1,4.142795664726402,0.04279566472640273,0.01043796700643969
09189,2021-03-31,3.7,3.991956156484657,0.29195615648465667,0.07890706932017748
09189,2021-04-30,3.2,3.901672188658734,0.7016721886587338,0.21927255895585432
09190,2021-02-28,3.4,3.472179024051308,0.07217902405130827,0.021229124720973023
09190,2021-03-31,3.1,3.405918557634336,0.30591855763433573,0.09868340568849539
09190,2021-04-30,2.9,3.3340780940613883,0.4340780940613884,0.14968210140047877
09261,2021-02-28,5.7,5.733848674270791,0.03384867427079108,0.0059383639071563295
09261,2021-03-31,5.5,5.665007222513258,0.16500722251325772,0.030001313184228676
09261,2021-04-30,5.1,5.772845333759269,0.6728453337592697,0.1319304575998568
09262,2021-02-28,6.3,6.531098251022646,0.23109825102264647,0.036682262067086746
09262,2021-03-31,6.0,6.517159965684937,0.5171599656849368,0.08619332761415614
09262,2021-04-30,5.8,6.40000658529999,0.6000065852999903,0.10344941125861902
09263,2021-02-28,6.8,6.901430553896448,0.1014305538964484,0.014916257925948294
09263,2021-03-31,6.1,6.668121700134328,0.568121700134328,0.09313470494005377
09263,2021-04-30,5.8,6.724815378864453,0.9248153788644533,0.159450927390423
09271,2021-02-28,4.4,4.627289484203001,0.2272894842030002,0.051656700955227314
09271,2021-03-31,3.8,4.360977654788748,0.560977654788748,0.14762569862861788
09271,2021-04-30,3.2,4.102869922098369,0.9028699220983691,0.28214685065574036
09272,2021-02-28,4.8,4.9739251975785805,0.17392519757858071,0.03623441616220432
09272,2021-03-31,4.0,4.654852128343353,0.6548521283433528,0.1637130320858382
09272,2021-04-30,3.1,3.962988412311579,0.8629884123115787,0.27838335881018667
09273,2021-02-28,4.0,3.9963975111239662,0.0036024888760337603,0.0009006222190084401
09273,2021-03-31,3.5,3.77886035455505,0.2788603545550501,0.0796743870157286
09273,2021-04-30,3.3,3.537786171214488,0.2377861712144882,0.07205641551954188
09274,2021-02-28,3.6,3.733633758688439,0.13363375868843885,0.03712048852456635
09274,2021-03-31,3.2,3.5940230930961765,0.39402309309617634,0.1231322165925551
09274,2021-04-30,3.0,3.4399802700549333,0.43998027005493334,0.14666009001831112
09275,2021-02-28,4.5,4.732681489307445,0.2326814893074447,0.0517069976238766
09275,2021-03-31,4.0,4.371830861963775,0.37183086196377513,0.09295771549094378
09275,2021-04-30,3.4,3.986051981874681,0.586051981874681,0.17236822996314147
09276,2021-02-28,5.9,6.237135172779252,0.3371351727792513,0.057141554708347676
09276,2021-03-31,4.9,5.77382404197508,0.8738240419750793,0.17833143713777128
09276,2021-04-30,3.7,4.921033617495056,1.2210336174950562,0.33000908580947463
09277,2021-02-28,4.7,4.852627670862378,0.15262767086237794,0.0324739725239102
09277,2021-03-31,4.2,4.584065696187605,0.384065696187605,0.09144421337800118
09277,2021-04-30,3.7,4.317238644059088,0.6172386440590882,0.1668212551511049
09278,2021-02-28,4.1,4.255996931929724,0.15599693192972452,0.0380480321779816
09278,2021-03-31,3.5,3.994578607782776,0.49457860778277585,0.14130817365222167
09278,2021-04-30,2.9,3.658684615733274,0.7586846157332743,0.26161538473561186
09279,2021-02-28,4.0,4.142399140975623,0.14239914097562334,0.035599785243905835
09279,2021-03-31,3.7,4.138587678408736,0.43858767840873547,0.1185372103807393
09279,2021-04-30,3.2,4.141882250616901,0.9418822506169011,0.2943382033177816
09361,2021-02-28,5.9,6.048226527235693,0.14822652723569263,0.025123140209439426
09361,2021-03-31,5.4,6.00831145106142,0.6083114510614198,0.11265026871507773
09361,2021-04-30,5.0,5.923292896454487,0.9232928964544866,0.18465857929089732
09362,2021-02-28,5.0,5.162015940772744,0.1620159407727444,0.03240318815454888
09362,2021-03-31,4.9,5.12822318822827,0.22822318822826926,0.04657616086291209
09362,2021-04-30,4.8,5.417391013430996,0.6173910134309963,0.12862312779812424
09363,2021-02-28,6.2,6.563081570989814,0.36308157098981386,0.05856154370803449
09363,2021-03-31,5.9,6.401487214883384,0.501487214883384,0.08499783303108202
09363,2021-04-30,5.6,6.497707236145894,0.8977072361458944,0.16030486359748117
09371,2021-02-28,3.5,3.577412935977124,0.07741293597712406,0.022117981707749732
09371,2021-03-31,3.2,3.475403168697313,0.27540316869731285,0.08606349021791027
09371,2021-04-30,2.9,3.3286130554574287,0.4286130554574288,0.14779760533014785
09372,2021-02-28,4.8,5.022837502167372,0.22283750216737186,0.04642447961820247
09372,2021-03-31,3.8,4.559936762179239,0.7599367621792394,0.1999833584682209
09372,2021-04-30,2.8,3.735669415430776,0.9356694154307763,0.3341676483681344
09373,2021-02-28,2.8,2.779014015618591,0.020985984381408862,0.0074949944219317366
09373,2021-03-31,2.5,2.5962072352809065,0.09620723528090647,0.03848289411236259
09373,2021-04-30,2.3,2.479064494828884,0.17906449482888398,0.0778541281864713
09374,2021-02-28,3.9,3.986768143321399,0.08676814332139893,0.022248241877281777
09374,2021-03-31,3.6,3.7405629571694057,0.1405629571694056,0.039045265880390444
09374,2021-04-30,3.2,3.484993165066833,0.2849931650668327,0.08906036408338522
09375,2021-02-28,3.2,3.33363982278642,0.13363982278641995,0.041762444620756234
09375,2021-03-31,2.9,3.1926017987191013,0.2926017987191014,0.10089717197210393
09375,2021-04-30,2.8,3.069914327315263,0.2699143273152633,0.09639797404116549
09376,2021-02-28,4.0,4.027412383140355,0.02741238314035499,0.0068530957850887475
09376,2021-03-31,3.7,3.930967472949311,0.23096747294931097,0.06242364133765161
09376,2021-04-30,3.5,3.749055693178809,0.24905569317880882,0.07115876947965967
09377,2021-02-28,4.0,4.090450288938374,0.09045028893837426,0.022612572234593564
09377,2021-03-31,3.6,3.931168560972821,0.331168560972821,0.09199126693689472
09377,2021-04-30,3.1,3.613900563766221,0.5139005637662208,0.16577437540845832
09461,2021-02-28,5.2,5.130079921597909,0.0699200784020908,0.013446168923479
09461,2021-03-31,5.0,4.978987131720558,0.021012868279441932,0.004202573655888386
09461,2021-04-30,4.9,4.967413501405994,0.06741350140599334,0.013757857429794558
09462,2021-02-28,5.4,5.559943666830321,0.1599436668303209,0.029619197561170537
09462,2021-03-31,5.1,5.475604546905863,0.37560454690586376,0.07364795037369878
09462,2021-04-30,4.9,5.496707786648783,0.5967077866487829,0.12177709931607814
09463,2021-02-28,6.1,5.947531560854657,0.15246843914534303,0.0249948260894005
09463,2021-03-31,6.0,5.903624785489987,0.09637521451001341,0.0160625357516689
09463,2021-04-30,5.8,5.96095316120675,0.1609531612067503,0.0277505450356466
09464,2021-02-28,7.2,7.249940277864153,0.04994027786415245,0.0069361497033545065
09464,2021-03-31,6.9,7.090095921672964,0.19009592167296407,0.027550133575791894
09464,2021-04-30,6.5,7.210242039330758,0.7102420393307582,0.10926800605088588
09471,2021-02-28,3.2,3.112367596745376,0.08763240325462407,0.02738512601707002
09471,2021-03-31,2.9,2.9956429333681145,0.09564293336811458,0.032980321851073996
09471,2021-04-30,2.8,2.925667033871466,0.12566703387146605,0.04488108352552359
09472,2021-02-28,3.8,3.94166823378881,0.14166823378881022,0.03728111415495006
09472,2021-03-31,3.5,3.839279512375018,0.33927951237501786,0.0969370035357194
09472,2021-04-30,3.2,3.56216654413309,0.3621665441330899,0.1131770450415906
09473,2021-02-28,4.1,4.107719063544415,0.007719063544415761,0.0018826984254672588
09473,2021-03-31,3.9,3.9907417856604472,0.09074178566044733,0.02326712452831983
09473,2021-04-30,3.7,3.972240440868085,0.27224044086808474,0.0735784975319148
09474,2021-02-28,3.5,3.687474290606192,0.18747429060619192,0.05356408303034055
09474,2021-03-31,3.3,3.489591231924186,0.18959123192418614,0.057451888461874594
09474,2021-04-30,3.1,3.3715357782965474,0.2715357782965473,0.08759218654727331
09475,2021-02-28,4.1,4.2726869888647725,0.17268698886477285,0.04211877777189582
09475,2021-03-31,3.9,4.171063424242472,0.27106342424247165,0.06950344211345427
09475,2021-04-30,3.7,3.9580138042585817,0.25801380425858156,0.06973346061042744
09476,2021-02-28,4.4,4.474489482884413,0.07448948288441226,0.016929427928275512
09476,2021-03-31,3.9,4.373375468783986,0.4733754687839862,0.12137832532922722
09476,2021-04-30,3.6,4.133953767838218,0.5339537678382178,0.1483204910661716
09477,2021-02-28,4.2,4.228882542066704,0.02888254206670382,0.006876795730167576
09477,2021-03-31,4.0,4.13699014638171,0.13699014638171025,0.03424753659542756
09477,2021-04-30,3.8,4.056143358314707,0.25614335831470747,0.06740614692492303
09478,2021-02-28,4.4,4.498010828387558,0.09801082838755804,0.022275188269899552
09478,2021-03-31,4.1,4.367633813639068,0.26763381363906813,0.06527653991196784
09478,2021-04-30,4.0,4.340717681152401,0.34071768115240086,0.08517942028810022
09479,2021-02-28,5.6,5.875007494620221,0.27500749462022167,0.049108481182182445
09479,2021-03-31,5.2,5.724484447471955,0.5244844474719548,0.10086239374460669
09479,2021-04-30,4.7,5.61227865461373,0.91227865461373,0.1941018414071766
09561,2021-02-28,5.0,4.840172122301033,0.15982787769896678,0.03196557553979336
09561,2021-03-31,4.5,4.742149956643274,0.24214995664327432,0.05381110147628318
09561,2021-04-30,4.2,4.870744870284989,0.670744870284989,0.15970115959166403
09562,2021-02-28,4.5,4.526222333655006,0.026222333655005592,0.0058271852566679095
09562,2021-03-31,4.5,4.52298455817891,0.02298455817891032,0.005107679595313404
09562,2021-04-30,4.4,4.643698565703373,0.24369856570337234,0.05538603765985735
09563,2021-02-28,6.3,6.185554388354537,0.11444561164546307,0.018165970102454458
09563,2021-03-31,6.1,6.09695757284851,0.003042427151489946,0.0004987585494245813
09563,2021-04-30,6.0,6.212568723409484,0.2125687234094844,0.0354281205682474
09564,2021-02-28,6.7,6.834671868298435,0.13467186829843492,0.020100278850512673
09564,2021-03-31,6.6,6.797364858098749,0.1973648580987497,0.029903766378598443
09564,2021-04-30,6.6,7.158290860969718,0.5582908609697181,0.08458952438935123
09565,2021-02-28,4.5,4.725339585313608,0.2253395853136082,0.050075463403024045
09565,2021-03-31,4.4,4.680487417005445,0.28048741700544433,0.06374714022851007
09565,2021-04-30,4.1,4.623211420946702,0.5232114209467023,0.12761254169431763
09571,2021-02-28,3.2,3.279930121157026,0.0799301211570258,0.024978162861570563
09571,2021-03-31,2.9,3.103697766056153,0.2036977660561532,0.07024060898488041
09571,2021-04-30,2.7,3.0258797767029755,0.3258797767029753,0.12069621359369455
09572,2021-02-28,2.8,2.8375814991697883,0.03758149916978848,0.013421963989210172
09572,2021-03-31,2.7,2.810439413976307,0.11043941397630697,0.040903486657891466
09572,2021-04-30,2.6,2.80256377216511,0.20256377216511012,0.07790914314042696
09573,2021-02-28,3.6,3.700094795409428,0.100094795409428,0.027804109835952225
09573,2021-03-31,3.6,3.660223244363448,0.060223244363447836,0.01672867898984662
09573,2021-04-30,3.4,3.7073011156317466,0.30730111563174667,0.09038268106816079
09574,2021-02-28,3.2,3.2606335648959366,0.06063356489593641,0.018947989029980128
09574,2021-03-31,3.0,3.2005571970386284,0.2005571970386284,0.06685239901287614
09574,2021-04-30,2.9,3.2420589623305887,0.34205896233058875,0.11795136632089268
09575,2021-02-28,2.8,2.9300230271692094,0.13002302716920955,0.04643679541757484
09575,2021-03-31,2.7,2.838340285245736,0.13834028524573583,0.05123714268360586
09575,2021-04-30,2.6,2.8940119017136308,0.2940119017136307,0.11308150065908872
09576,2021-02-28,3.0,3.102909254573757,0.1029092545737571,0.03430308485791903
09576,2021-03-31,2.8,3.0395732957211656,0.2395732957211658,0.0855618913289878
09576,2021-04-30,2.6,3.053719009199226,0.4537190091992258,0.17450731123047145
09577,2021-02-28,4.1,4.169343299075877,0.06934329907587777,0.016912999774604337
09577,2021-03-31,3.8,4.078231958607807,0.27823195860780725,0.07321893647573875
09577,2021-04-30,3.6,3.982395803667704,0.38239580366770376,0.10622105657436215
09661,2021-02-28,6.6,6.59653825933028,0.003461740669719937,0.0005245061620787783
09661,2021-03-31,6.3,6.5282734126175,0.2282734126174999,0.03623387501865078
09661,2021-04-30,5.9,6.684889407027733,0.784889407027733,0.13303210288605644
09662,2021-02-28,6.8,6.95217836430237,0.15217836430236975,0.022379171220936727
09662,2021-03-31,6.7,6.883554123719411,0.1835541237194107,0.027396137868568763
09662,2021-04-30,6.3,6.970099451151487,0.6700994511514873,0.10636499224626783
09663,2021-02-28,4.4,4.495070140031039,0.09507014003103897,0.02160685000705431
09663,2021-03-31,4.2,4.436337786873455,0.23633778687345508,0.05627090163653692
09663,2021-04-30,4.1,4.572303329599521,0.47230332959952115,0.1151959340486637
09671,2021-02-28,3.8,3.866757212063072,0.06675721206307239,0.01756768738501905
09671,2021-03-31,3.7,3.847438951508892,0.14743895150889186,0.03984836527267347
09671,2021-04-30,3.6,3.903682589850956,0.30368258985095586,0.08435627495859885
09672,2021-02-28,3.9,3.993256689707956,0.09325668970795631,0.0239119717199888
09672,2021-03-31,3.7,3.89814696346112,0.1981469634611197,0.05355323336787019
09672,2021-04-30,3.5,3.85926574357995,0.3592657435799498,0.10264735530855708
09673,2021-02-28,3.3,3.3834862105013435,0.08348621050134364,0.02529885166707383
09673,2021-03-31,3.0,3.3371728554199405,0.33717285541994046,0.11239095180664682
09673,2021-04-30,2.8,3.334390520581948,0.5343905205819484,0.19085375735069585
09674,2021-02-28,3.5,3.485918328115928,0.014081671884071945,0.004023334824020556
09674,2021-03-31,3.3,3.417678283569772,0.11767828356977228,0.03566008593023402
09674,2021-04-30,3.1,3.3867292091472225,0.28672920914722244,0.09249329327329756
09675,2021-02-28,3.1,3.0176983877237955,0.08230161227620458,0.026548907185872446
09675,2021-03-31,2.9,2.966789271818248,0.0667892718182479,0.023030783385602722
09675,2021-04-30,2.6,2.95138888806821,0.3513888880682101,0.13514957233392697
09676,2021-02-28,3.8,3.977413593181408,0.17741359318140804,0.04668778767931791
09676,2021-03-31,3.6,3.865953943572465,0.2659539435724647,0.07387609543679576
09676,2021-04-30,3.5,3.8960510960741614,0.39605109607416145,0.11315745602118898
09677,2021-02-28,2.9,2.934058484966221,0.03405848496622088,0.01174430516076582
09677,2021-03-31,2.7,2.8488703999263016,0.14887039992630147,0.05513718515788943
09677,2021-04-30,2.4,2.8387714774580037,0.4387714774580038,0.18282144894083494
09678,2021-02-28,2.9,2.929836601748858,0.02983660174885827,0.010288483361675265
09678,2021-03-31,2.8,2.8713042600430327,0.07130426004303292,0.025465807158226043
09678,2021-04-30,2.7,2.898362755013427,0.19836275501342682,0.07346768704200993
09679,2021-02-28,2.7,2.697587209117753,0.0024127908822473287,0.0008936262526841957
09679,2021-03-31,2.5,2.669006421182341,0.169006421182341,0.0676025684729364
09679,2021-04-30,2.3,2.64216937083459,0.3421693708345903,0.1487692916672132
09761,2021-02-28,6.7,6.695729748857533,0.004270251142466819,0.0006373509167860923
09761,2021-03-31,6.5,6.740988946456197,0.24098894645619673,0.037075222531722574
09761,2021-04-30,6.3,7.1485413162023415,0.8485413162023416,0.1346890978098955
09762,2021-02-28,4.9,4.856558703789847,0.04344129621015291,0.008865570655133248
09762,2021-03-31,4.5,4.846954716212338,0.34695471621233764,0.07710104804718615
09762,2021-04-30,4.2,4.672719892580692,0.4727198925806917,0.11255235537635516
09763,2021-02-28,4.6,4.639066345160818,0.039066345160818194,0.008492683730612651
09763,2021-03-31,4.4,4.735897749750312,0.3358977497503117,0.07634039767052539
09763,2021-04-30,4.2,4.811872593505114,0.6118725935051135,0.14568395083455082
09764,2021-02-28,4.5,4.585863480218304,0.08586348021830403,0.019080773381845342
09764,2021-03-31,4.3,4.510853801264084,0.2108538012640846,0.04903576773583363
09764,2021-04-30,4.0,4.58154222531106,0.5815422253110603,0.14538555632776506
09771,2021-02-28,3.1,3.110613676644104,0.010613676644104064,0.0034237666593884076
09771,2021-03-31,2.9,2.9203932467171727,0.020393246717172797,0.007032154040404413
09771,2021-04-30,2.8,2.862222310502485,0.06222231050248528,0.0222222537508876
09772,2021-02-28,3.4,3.631981777901525,0.2319817779015252,0.06822993467691918
09772,2021-03-31,3.3,3.5682533891201427,0.26825338912014285,0.08128890579398268
09772,2021-04-30,3.1,3.6255009026826057,0.5255009026826056,0.16951642022019536
09773,2021-02-28,3.0,3.0899594991178225,0.08995949911782253,0.029986499705940844
09773,2021-03-31,2.8,3.027955125654828,0.227955125654828,0.0814125448767243
09773,2021-04-30,2.6,3.058066802407584,0.458066802407584,0.1761795393875323
09774,2021-02-28,3.1,3.1572340440178075,0.057234044017807406,0.018462594844454002
09774,2021-03-31,2.8,3.0123337246741784,0.21233372467417855,0.07583347309792092
09774,2021-04-30,2.7,2.866929611438416,0.166929611438416,0.06182578201422814
09775,2021-02-28,3.4,3.6313938356669073,0.2313938356669074,0.06805701049026688
09775,2021-03-31,3.2,3.6100532294104353,0.4100532294104351,0.12814163419076097
09775,2021-04-30,3.1,3.728540098405965,0.6285400984059648,0.20275487045353702
09776,2021-02-28,3.7,3.949636014629373,0.24963601462937302,0.06746919314307379
09776,2021-03-31,3.3,3.802519863227776,0.5025198632277763,0.15227874643265948
09776,2021-04-30,3.3,3.7963864782085057,0.4963864782085059,0.15042014491166847
09777,2021-02-28,3.3,3.399817823731037,0.09981782373103698,0.03024782537304151
09777,2021-03-31,3.2,3.3972023468289683,0.1972023468289681,0.06162573338405253
09777,2021-04-30,3.2,3.504900629097975,0.304900629097975,0.09528144659311719
09778,2021-02-28,2.7,2.7719863634264854,0.07198636342648523,0.026661616083883417
09778,2021-03-31,2.5,2.645328934740605,0.14532893474060504,0.05813157389624202
09778,2021-04-30,2.4,2.6494193218751465,0.2494193218751466,0.10392471744797775
09779,2021-02-28,2.5,2.700677160203365,0.200677160203365,0.08027086408134601
09779,2021-03-31,2.4,2.578370468083275,0.17837046808327495,0.07432102836803123
09779,2021-04-30,2.3,2.56582718070306,0.26582718070306033,0.11557703508828711
09780,2021-02-28,3.5,3.413006283434365,0.08699371656563493,0.024855347590181407
09780,2021-03-31,3.3,3.365096590887172,0.06509659088717212,0.01972623966277943
09780,2021-04-30,3.2,3.658646607159441,0.45864660715944083,0.14332706473732526
10041,2021-02-28,10.3,10.707600223893584,0.4076002238935832,0.03957283727122167
10041,2021-03-31,10.2,10.677928602107524,0.4779286021075251,0.04685574530465932
10041,2021-04-30,10.1,10.79114193412455,0.6911419341245502,0.06842989446777725
10042,2021-02-28,5.0,5.11367636652365,0.11367636652365043,0.022735273304730085
10042,2021-03-31,4.9,5.101955513036599,0.20195551303659887,0.041215410823795685
10042,2021-04-30,4.8,5.177120448736695,0.3771204487366955,0.07856676015347823
10043,2021-02-28,8.2,8.365151684906559,0.16515168490655974,0.02014044937884875
10043,2021-03-31,7.9,8.399957651022474,0.49995765102247347,0.06328577861043967
10043,2021-04-30,7.7,8.57461297599694,0.8746129759969401,0.11358610077882339
10044,2021-02-28,6.1,6.203825658176279,0.10382565817627931,0.017020599701029395
10044,2021-03-31,6.0,6.18984819120096,0.18984819120096041,0.03164136520016007
10044,2021-04-30,5.9,6.286319192528639,0.38631919252863867,0.06547782924214214
10045,2021-02-28,5.5,5.744041664237985,0.2440416642379848,0.0443712116796336
10045,2021-03-31,5.4,5.655346485743976,0.255346485743976,0.04728638624888444
10045,2021-04-30,5.1,5.791590141511767,0.6915901415117673,0.13560591010034656
10046,2021-02-28,4.1,4.012706222476979,0.08729377752302092,0.0212911652495173
10046,2021-03-31,3.9,4.027091290528044,0.1270912905280439,0.03258751039180613
10046,2021-04-30,3.8,4.143439248010366,0.34343924801036607,0.09037874947641213
11000,2021-02-28,10.6,10.561904618227288,0.038095381772711434,0.0035939039408218335
11000,2021-03-31,10.5,10.264390265986869,0.23560973401313134,0.02243902228696489
11000,2021-04-30,10.5,10.30350702038026,0.19649297961973922,0.01871361710664183
12051,2021-02-28,7.9,8.137087688727295,0.23708768872729458,0.030011099838898048
12051,2021-03-31,7.9,7.766532718236995,0.13346728176300537,0.016894592628228528
12051,2021-04-30,7.9,7.880617327145321,0.01938267285467976,0.002453502892997438
12052,2021-02-28,8.7,8.843363319721435,0.1433633197214359,0.01647854249671677
12052,2021-03-31,8.5,8.53869179639601,0.0386917963960105,0.004551976046589471
12052,2021-04-30,8.3,8.404366295980026,0.10436629598002511,0.012574252527713868
12053,2021-02-28,8.5,8.590588399142703,0.09058839914270322,0.010657458722670968
12053,2021-03-31,8.3,8.510482531023573,0.2104825310235725,0.025359341087177408
12053,2021-04-30,8.1,8.48638886783069,0.38638886783069104,0.04770232936181371
12054,2021-02-28,6.3,6.317601275019398,0.017601275019398344,0.0027938531776822767
12054,2021-03-31,6.1,6.163468612113617,0.06346861211361698,0.010404690510429014
12054,2021-04-30,6.1,6.219527654781655,0.11952765478165528,0.01959469750518939
12060,2021-02-28,6.1,6.0463811566153325,0.05361884338466716,0.008789974325355273
12060,2021-03-31,5.9,5.83362550301141,0.06637449698859044,0.011249914743828887
12060,2021-04-30,5.7,5.748723253675898,0.048723253675897915,0.008547939241385598
12061,2021-02-28,4.6,4.580733114706006,0.019266885293993674,0.004188453324781234
12061,2021-03-31,4.5,4.500423947388057,0.0004239473880573996,9.421053067942214e-05
12061,2021-04-30,4.3,4.494504176368704,0.19450417636870387,0.04523352938807067
12062,2021-02-28,7.2,7.333476054479639,0.1334760544796385,0.018538340899949792
12062,2021-03-31,6.9,6.969640932809249,0.06964093280924821,0.010092888812934523
12062,2021-04-30,6.7,6.828600270296285,0.1286002702962845,0.0191940701934753
12063,2021-02-28,6.2,6.313330670357764,0.11333067035776345,0.018279140380284428
12063,2021-03-31,6.0,6.1206165845995,0.12061658459950042,0.020102764099916737
12063,2021-04-30,5.8,6.151619028815756,0.35161902881575635,0.060623970485475236
12064,2021-02-28,6.4,6.307238322003217,0.09276167799678348,0.014494012186997418
12064,2021-03-31,6.2,6.050397403818215,0.1496025961817855,0.02412945099706218
12064,2021-04-30,6.0,5.887840198997611,0.11215980100238898,0.01869330016706483
12065,2021-02-28,5.7,5.583552451245824,0.11644754875417629,0.02042939451827654
12065,2021-03-31,5.5,5.5153638818175805,0.015363881817580527,0.002793433057741914
12065,2021-04-30,5.3,5.556138951161207,0.25613895116120755,0.04832810399268067
12066,2021-02-28,8.3,8.100202004186595,0.1997979958134053,0.024072047688362082
12066,2021-03-31,8.0,7.815033803000635,0.18496619699936456,0.02312077462492057
12066,2021-04-30,7.7,7.573673263636927,0.12632673636307334,0.016406069657541992
12067,2021-02-28,7.0,7.144830647053457,0.14483064705345683,0.02069009243620812
12067,2021-03-31,6.6,6.986411140392056,0.38641114039205604,0.05854714248364486
12067,2021-04-30,6.4,6.899276392525424,0.4992763925254238,0.07801193633209746
12068,2021-02-28,7.1,7.017257570599908,0.08274242940009202,0.011653863295787608
12068,2021-03-31,6.9,6.782264061871466,0.11773593812853456,0.017063179438918052
12068,2021-04-30,6.6,6.674449931533816,0.07444993153381674,0.0112802926566389
12069,2021-02-28,4.6,4.631739807432258,0.03173980743225879,0.006899958137447564
12069,2021-03-31,4.5,4.453860775244786,0.046139224755213704,0.010253161056714156
12069,2021-04-30,4.3,4.3554124974453625,0.055412497445362696,0.012886627312875047
12070,2021-02-28,8.2,8.394929342034345,0.19492934203434586,0.023771870979798278
12070,2021-03-31,8.1,8.08336639145153,0.01663360854846907,0.002053531919564083
12070,2021-04-30,7.8,7.918823039033926,0.11882303903392621,0.015233722953067463
12071,2021-02-28,6.8,6.896315631834644,0.09631563183464387,0.014164063505094686
12071,2021-03-31,6.6,6.647496513708715,0.04749651370871533,0.007196441471017474
12071,2021-04-30,6.4,6.429896774367178,0.029896774367177414,0.004671370994871471
12072,2021-02-28,5.4,5.514765138252233,0.114765138252233,0.021252803380043147
12072,2021-03-31,5.2,5.393224057211567,0.19322405721156688,0.03715847254068594
12072,2021-04-30,5.1,5.369479899529101,0.26947989952910145,0.052839195986098327
12073,2021-02-28,11.3,11.332323565247624,0.03232356524762281,0.002860492499789629
12073,2021-03-31,11.0,11.033919659704154,0.03391965970415356,0.0030836054276503237
12073,2021-04-30,10.6,10.796126346036514,0.19612634603651458,0.018502485475142886
13003,2021-02-28,8.4,8.314889954456174,0.08511004554382673,0.010132148279026991
13003,2021-03-31,8.3,8.223690638175485,0.07630936182451542,0.009193899015001858
13003,2021-04-30,8.2,8.28457651934067,0.08457651934067023,0.010314209675691492
13004,2021-02-28,10.1,10.251281054386318,0.15128105438631856,0.014978322216467185
13004,2021-03-31,9.9,10.311765037264518,0.41176503726451763,0.041592428006516934
13004,2021-04-30,9.8,10.3592432649826,0.5592432649825998,0.05706563928393875
13071,2021-02-28,9.8,9.856850974167925,0.05685097416792395,0.005801119813053464
13071,2021-03-31,9.6,9.598390391456324,0.0016096085436760887,0.00016766755663292593
13071,2021-04-30,9.4,9.273061897061837,0.12693810293816377,0.013504053504059975
13072,2021-02-28,6.3,6.278818017408471,0.02118198259152848,0.0033622194589727748
13072,2021-03-31,6.2,5.938003719184524,0.26199628081547655,0.042257464647657506
13072,2021-04-30,6.1,5.7388338892393085,0.36116611076069116,0.05920755914109691
13073,2021-02-28,11.4,11.234832955613276,0.16516704438672392,0.014488337226905606
13073,2021-03-31,10.9,10.47171658977046,0.42828341022953964,0.03929205598436143
13073,2021-04-30,10.3,9.767413190939555,0.5325868090604455,0.05170745719033452
13074,2021-02-28,7.2,7.1661034226354055,0.03389657736459473,0.004707857967304823
13074,2021-03-31,7.1,6.903231475911728,0.19676852408827195,0.02771387663215098
13074,2021-04-30,7.0,6.792977771976082,0.20702222802391823,0.02957460400341689
13075,2021-02-28,9.9,10.083913046192878,0.18391304619287752,0.01857707537301793
13075,2021-03-31,9.5,9.816184477641706,0.31618447764170554,0.033282576593863744
13075,2021-04-30,9.1,9.521403942277004,0.4214039422770046,0.046308125524945565
13076,2021-02-28,6.7,6.699143244510467,0.000856755489532901,0.00012787395366162702
13076,2021-03-31,6.5,6.502834370130591,0.0028343701305910685,0.0004360569431678567
13076,2021-04-30,6.4,6.483441929377505,0.08344192937750439,0.01303780146523506
14511,2021-02-28,7.9,7.9382702005698516,0.0382702005698512,0.004844329186057114
14511,2021-03-31,7.7,7.84339409797288,0.1433940979728794,0.01862261012634797
14511,2021-04-30,7.7,7.9578677133877855,0.25786771338778536,0.033489313426985114
14521,2021-02-28,5.3,5.215843109530754,0.08415689046924602,0.015878658579103023
14521,2021-03-31,5.1,5.016167944384356,0.08383205561564377,0.016437657963851722
14521,2021-04-30,4.9,4.89477049276215,0.005229507237850761,0.0010672463750715838
14522,2021-02-28,5.5,5.759743723655955,0.259743723655955,0.04722613157381
14522,2021-03-31,5.4,5.577620984942016,0.17762098494201606,0.032892774989262234
14522,2021-04-30,5.3,5.4408883623902735,0.1408883623902737,0.0265827098849573
14523,2021-02-28,6.1,6.105235667819059,0.005235667819059486,0.0008583061998458175
14523,2021-03-31,5.8,5.817507670137975,0.017507670137975495,0.003018563816892327
14523,2021-04-30,5.4,5.611598262676288,0.21159826267628734,0.03918486345857173
14524,2021-02-28,5.3,5.212400815986687,0.08759918401331301,0.01652814792704019
14524,2021-03-31,5.0,5.060940483960801,0.06094048396080076,0.012188096792160152
14524,2021-04-30,4.9,5.040540428693673,0.14054042869367223,0.02868172014156576
14612,2021-02-28,6.7,6.727497114189959,0.02749711418995915,0.0041040468940237535
14612,2021-03-31,6.7,6.680926378128649,0.01907362187135142,0.0028468092345300625
14612,2021-04-30,6.7,6.880227149895553,0.18022714989555322,0.026899574611276598
14625,2021-02-28,5.7,5.770733394251676,0.07073339425167546,0.012409367412574642
14625,2021-03-31,5.7,5.668252030194166,0.03174796980583405,0.005569819264181413
14625,2021-04-30,5.7,5.631691277270408,0.06830872272959176,0.01198398644378803
14626,2021-02-28,8.9,9.012582444168387,0.11258244416838714,0.012649712827908667
14626,2021-03-31,8.7,8.781432304400424,0.08143230440042437,0.009360034988554526
14626,2021-04-30,8.3,8.527431772256579,0.22743177225657796,0.027401418344166015
14627,2021-02-28,6.3,6.424011683559486,0.12401168355948577,0.019684394215791393
14627,2021-03-31,6.1,6.203375634963892,0.10337563496389279,0.016946825403916854
14627,2021-04-30,6.0,6.13535798601847,0.13535798601847038,0.02255966433641173
14628,2021-02-28,5.6,5.592852654465285,0.007147345534714411,0.0012763117026275736
14628,2021-03-31,5.4,5.344326855806537,0.05567314419346303,0.010309841517307967
14628,2021-04-30,5.2,5.040877283057129,0.15912271694287128,0.030600522489013706
14713,2021-02-28,8.3,8.374525502622992,0.07452550262299162,0.008978976219637544
14713,2021-03-31,8.1,8.343911453519661,0.2439114535196616,0.030112525125884148
14713,2021-04-30,8.0,8.678641173676828,0.6786411736768283,0.08483014670960354
14729,2021-02-28,6.1,6.042390631947774,0.057609368052225385,0.00944415869708613
14729,2021-03-31,6.0,5.769672642376022,0.23032735762397838,0.03838789293732973
14729,2021-04-30,5.8,5.558861858850484,0.24113814114951548,0.04157554157750267
14730,2021-02-28,7.4,7.3791350865883905,0.020864913411609898,0.002819582893460797
14730,2021-03-31,7.2,7.147842293804741,0.052157706195258946,0.007244125860452632
14730,2021-04-30,7.1,6.996713234732233,0.10328676526776626,0.014547431727854403
15001,2021-02-28,9.0,8.829760198546458,0.17023980145354223,0.018915533494838026
15001,2021-03-31,8.9,8.441959214703541,0.4580407852964594,0.051465256774883075
15001,2021-04-30,8.6,8.232710647125849,0.36728935287415077,0.04270806428769195
15002,2021-02-28,9.8,9.677616706568203,0.12238329343179721,0.012488091166509918
15002,2021-03-31,9.7,9.4401069658664,0.259893034133599,0.026793096302432887
15002,2021-04-30,9.7,9.484157997312604,0.2158420026873955,0.02225175285437067
15003,2021-02-28,9.2,9.232554398024517,0.03255439802451754,0.0035385215244040807
15003,2021-03-31,9.0,9.004097407643844,0.004097407643843809,0.0004552675159826454
15003,2021-04-30,8.9,9.06809246522069,0.1680924652206901,0.018886793845021357
15081,2021-02-28,7.3,7.386209721108526,0.08620972110852598,0.011809550836784382
15081,2021-03-31,6.9,7.214051760249744,0.31405176024974324,0.04551474786228163
15081,2021-04-30,6.4,7.125145268662656,0.725145268662656,0.11330394822854001
15082,2021-02-28,7.9,8.219160987744134,0.3191609877441337,0.040400125030903
15082,2021-03-31,7.6,7.833656710060912,0.23365671006091215,0.03074430395538318
15082,2021-04-30,7.3,7.695933264430952,0.3959332644309521,0.054237433483692074
15083,2021-02-28,5.9,5.930491392969528,0.03049139296952763,0.0051680327066995985
15083,2021-03-31,5.5,5.691142577643594,0.19114257764359444,0.03475319593519899
15083,2021-04-30,5.3,5.661806658182519,0.3618066581825188,0.06826540720424883
15084,2021-02-28,7.4,7.394971987084856,0.005028012915144764,0.0006794612047492924
15084,2021-03-31,7.2,7.080531324187425,0.11946867581257514,0.016592871640635436
15084,2021-04-30,6.9,7.003937076372658,0.1039370763726577,0.015063344401834449
15085,2021-02-28,6.8,6.770620404473072,0.029379595526927815,0.004320528753959973
15085,2021-03-31,6.6,6.538826716506368,0.06117328349363138,0.009268679317216876
15085,2021-04-30,6.3,6.520460698261043,0.22046069826104286,0.034993761628736963
15086,2021-02-28,7.9,7.837814375599605,0.06218562440039577,0.007871598025366553
15086,2021-03-31,7.5,7.603873020587653,0.10387302058765258,0.013849736078353677
15086,2021-04-30,7.3,7.496640432562022,0.19664043256202213,0.02693704555644139
15087,2021-02-28,10.6,10.601292161996346,0.0012921619963464082,0.00012190207512701964
15087,2021-03-31,10.3,10.24403562182051,0.05596437817949074,0.005433434774707838
15087,2021-04-30,9.9,10.154765698838586,0.254765698838586,0.025733908973594545
15088,2021-02-28,7.3,7.266184628403781,0.03381537159621839,0.004632242684413478
15088,2021-03-31,7.2,7.064457075656058,0.13554292434394188,0.018825406158880818
15088,2021-04-30,6.8,7.004117316551257,0.2041173165512573,0.030017252434008428
15089,2021-02-28,9.3,9.252094282774731,0.047905717225269484,0.0051511523898139224
15089,2021-03-31,8.9,8.817327832794021,0.08267216720597936,0.009289007551233635
15089,2021-04-30,8.2,8.656569022690034,0.45656902269003474,0.055679149108540826
15090,2021-02-28,9.9,9.887153976584877,0.012846023415123753,0.001297578122739773
15090,2021-03-31,9.6,9.391326051089177,0.20867394891082292,0.021736869678210723
15090,2021-04-30,9.1,9.189157265170042,0.08915726517004252,0.00979750166703764
15091,2021-02-28,7.5,7.674428912213055,0.17442891221305512,0.023257188295074015
15091,2021-03-31,7.3,7.384443784554759,0.0844437845547592,0.011567641719830029
15091,2021-04-30,7.1,7.2784393320251315,0.17843933202513185,0.02513230028522984
16051,2021-02-28,6.9,6.99874631595079,0.09874631595078931,0.014311060282723088
16051,2021-03-31,6.9,6.851368173949645,0.04863182605035554,0.007048090731935586
16051,2021-04-30,6.9,7.174176325824388,0.27417632582438767,0.03973569939483879
16052,2021-02-28,8.8,8.837089288844455,0.03708928884445406,0.004214691914142507
16052,2021-03-31,8.6,8.604247163555307,0.004247163555307409,0.0004938562273613267
16052,2021-04-30,8.6,8.490666934205485,0.10933306579451418,0.012713147185408627
16053,2021-02-28,6.1,6.010085322959425,0.08991467704057499,0.014740110990258196
16053,2021-03-31,6.0,5.967000328634361,0.03299967136563886,0.005499945227606477
16053,2021-04-30,6.0,6.131076729558074,0.1310767295580737,0.021846121593012285
16054,2021-02-28,6.5,6.471132643532811,0.028867356467189076,0.004441131764182935
16054,2021-03-31,6.4,6.354432601042129,0.04556739895787132,0.007119906087167394
16054,2021-04-30,6.3,6.27598138180994,0.024018618190059904,0.0038124790777872863
16055,2021-02-28,6.9,6.957924445456946,0.05792444545694586,0.008394847167673313
16055,2021-03-31,6.9,6.79386225492817,0.10613774507183038,0.01538228189446817
16055,2021-04-30,6.9,6.93201509686809,0.0320150968680899,0.004639869111317376
16056,2021-02-28,8.5,8.332421906063507,0.16757809393649303,0.019715069874881534
16056,2021-03-31,8.2,8.3223001829375,0.12230018293750078,0.014914656455792779
16056,2021-04-30,8.2,8.464394410666786,0.26439441066678704,0.03224322081302281
16061,2021-02-28,5.1,5.021610139628532,0.07838986037146789,0.015370560857150568
16061,2021-03-31,4.7,4.716926157028476,0.01692615702847622,0.0036013100060587697
16061,2021-04-30,4.5,4.559516546529826,0.059516546529826186,0.013225899228850264
16062,2021-02-28,8.4,8.325384344305645,0.07461565569435535,0.008882816154089923
16062,2021-03-31,8.0,8.117358909916822,0.11735890991682218,0.014669863739602773
16062,2021-04-30,7.9,8.043298718311375,0.14329871831137453,0.018139078267262597
16063,2021-02-28,5.4,5.545171250736487,0.14517125073648707,0.026883564951201307
16063,2021-03-31,5.2,5.3759963595345575,0.17599635953455728,0.03384545375664563
16063,2021-04-30,5.0,5.410675853929964,0.4106758539299644,0.08213517078599289
16064,2021-02-28,8.1,8.037234084201248,0.06276591579875124,0.007748878493672993
16064,2021-03-31,8.1,7.861749194098878,0.2382508059011217,0.02941367974087922
16064,2021-04-30,7.9,7.834915707445214,0.06508429255478632,0.00823851804490966
16065,2021-02-28,8.9,8.986552250183616,0.08655225018361534,0.009724971930743297
16065,2021-03-31,8.6,8.65485427493942,0.05485427493942119,0.006378404062723394
16065,2021-04-30,8.1,8.435605229791165,0.3356052297911649,0.041432744418662334
16066,2021-02-28,5.4,5.379860282796968,0.020139717203032426,0.0037295772598208194
16066,2021-03-31,5.2,5.16763087452351,0.032369125476489735,0.0062248318224018715
16066,2021-04-30,4.9,5.062926258415373,0.16292625841537234,0.03325025681946374
16067,2021-02-28,6.3,6.279733053667012,0.020266946332987423,0.0032169756084107024
16067,2021-03-31,6.0,6.185031856767562,0.18503185676756218,0.030838642794593696
16067,2021-04-30,5.9,6.25981312897161,0.35981312897160933,0.06098527609688294
16068,2021-02-28,7.2,7.196867353867927,0.0031326461320730914,0.0004350897405657071
16068,2021-03-31,6.7,6.918379097334656,0.21837909733465555,0.03259389512457545
16068,2021-04-30,6.7,6.905279602386101,0.205279602386101,0.030638746624791192
16069,2021-02-28,4.8,4.805001464112461,0.0050014641124613846,0.0010419716900961218
16069,2021-03-31,4.5,4.5597100227398855,0.05971002273988546,0.013268893942196769
16069,2021-04-30,4.3,4.455849255265647,0.15584925526564675,0.03624401285247599
16070,2021-02-28,5.9,5.926026642785896,0.026026642785895504,0.004411295387439916
16070,2021-03-31,5.8,5.796169626038081,0.003830373961918987,0.0006604093037791357
16070,2021-04-30,5.8,5.735615462197421,0.06438453780257891,0.011100782379754984
16071,2021-02-28,5.1,5.053965237540866,0.04603476245913374,0.009026424011594852
16071,2021-03-31,4.9,4.767236812341689,0.13276318765831174,0.027094528093533007
16071,2021-04-30,4.7,4.728992136150596,0.02899213615059626,0.006168539606509842
16072,2021-02-28,5.1,5.18606054956776,0.08606054956775999,0.01687461756230588
16072,2021-03-31,4.9,4.960249914080907,0.06024991408090674,0.01229590083283811
16072,2021-04-30,4.9,4.916581338059283,0.016581338059282302,0.003383946542710674
16073,2021-02-28,6.6,6.648967690074743,0.04896769007474333,0.007419346981021717
16073,2021-03-31,6.5,6.445593669578171,0.05440633042182874,0.008370204680281344
16073,2021-04-30,6.3,6.360091884800998,0.060091884800998585,0.00953839441285692
16074,2021-02-28,5.1,4.979835135132836,0.1201648648671636,0.023561738209247767
16074,2021-03-31,5.0,4.756154855226179,0.2438451447738208,0.04876902895476416
16074,2021-04-30,4.7,4.628095630747308,0.07190436925269239,0.015298801968657955
16075,2021-02-28,5.5,5.646486280063414,0.1464862800634137,0.026633869102438854
16075,2021-03-31,5.3,5.415473093685499,0.11547309368549907,0.0217873761670753
16075,2021-04-30,5.0,5.1985997446210295,0.19859974462102947,0.0397199489242059
16076,2021-02-28,5.6,5.601200992682719,0.0012009926827190043,0.00021446297905696507
16076,2021-03-31,5.4,5.391679638388577,0.008320361611423799,0.0015408077058192218
16076,2021-04-30,5.1,5.236623921825486,0.13662392182548633,0.026789004279507124
16077,2021-02-28,7.3,7.435588536246923,0.13558853624692357,0.01857377208861967
16077,2021-03-31,7.2,7.193730917990679,0.006269082009320748,0.0008707058346278816
16077,2021-04-30,6.9,6.98403020092156,0.08403020092155966,0.012178289988631835
