_id,id,ags2,bundesland,ags5,kreis,kr_firm,kr_firm_br_a,kr_firm_br_b,kr_firm_br_c,kr_firm_br_d,kr_firm_br_e,kr_firm_br_f,kr_firm_br_g,kr_firm_br_h,kr_firm_br_i,kr_firm_br_j,kr_firm_br_k,kr_firm_br_l,kr_firm_br_m,kr_firm_br_n,kr_firm_br_o,kr_firm_br_p,kr_firm_br_q,kr_firm_br_r,kr_firm_br_s,kr_firm_br_t,kr_firm_br_u,kr_firm_br_99,kr_firm_be_kl1,kr_firm_be_kl2,kr_firm_be_kl3,kr_firm_be_kl4,kr_firm_be_kl99
1,1,01,Schleswig-Holstein,01001,"Flensburg, Stadt",5078,15,0,194,43,11,240,877,116,223,151,339,314,611,275,40,126,442,126,760,0,0,169,2396,1284,116,12,1270
2,2,01,Schleswig-Holstein,01002,"Kiel, Landeshauptstadt",12702,35,2,511,47,27,640,1920,247,540,410,705,425,1710,714,136,389,1242,335,2217,1,0,439,6151,2925,248,52,3326
3,3,01,Schleswig-Holstein,01003,"Lübeck, Hansestadt",10896,76,2,448,24,34,661,1762,359,525,245,534,365,1385,630,86,247,1003,275,1867,0,0,357,5802,2362,226,29,2477
4,4,01,Schleswig-Holstein,01004,"Neumünster, Stadt",4052,26,2,186,4,20,327,752,108,167,72,244,130,419,263,42,129,283,111,615,0,0,152,1976,1004,101,11,960
5,5,01,Schleswig-Holstein,01051,Dithmarschen,8472,399,8,336,301,35,627,1152,194,582,78,505,208,771,428,138,204,537,248,1369,0,0,349,4336,1762,103,12,2259
6,6,01,Schleswig-Holstein,01053,Herzogtum Lauenburg,10336,351,7,441,47,44,817,1598,217,378,221,588,345,1122,629,157,267,737,305,1651,0,0,408,5624,2053,134,7,2518
7,7,01,Schleswig-Holstein,01054,Nordfriesland,14307,484,9,467,675,49,1037,1962,192,1331,165,855,588,1464,851,187,271,831,326,2103,0,0,453,7082,3203,156,8,3858
8,8,01,Schleswig-Holstein,01055,Ostholstein,12518,337,9,487,142,36,832,1823,212,1199,179,589,499,1251,721,155,303,838,337,2083,1,0,461,6822,2429,148,9,3110
9,9,01,Schleswig-Holstein,01056,Pinneberg,17321,523,2,868,64,46,1414,3086,364,593,417,892,601,2020,1149,158,408,1142,429,2518,0,0,609,8966,3975,283,24,4073
10,10,01,Schleswig-Holstein,01057,Plön,7155,248,4,323,59,43,613,1028,122,457,125,316,199,715,362,115,175,542,217,1202,0,0,284,3713,1408,69,3,1962
11,11,01,Schleswig-Holstein,01058,Rendsburg-Eckernförde,15279,556,8,638,268,98,1196,2163,270,605,261,915,458,1742,891,209,447,1161,413,2361,1,1,601,7702,3313,233,25,4006
12,12,01,Schleswig-Holstein,01059,Schleswig-Flensburg,12550,554,13,537,410,45,953,1936,275,556,179,782,374,1268,719,180,313,842,308,1804,0,0,479,6326,2859,140,10,3215
13,13,01,Schleswig-Holstein,01060,Segeberg,15388,542,12,849,64,51,1282,2831,336,499,341,807,534,1727,980,142,353,927,394,2217,1,1,490,8408,3432,231,27,3290
14,14,01,Schleswig-Holstein,01061,Steinburg,7425,335,4,339,81,39,626,1088,183,305,131,446,253,708,463,130,203,486,212,1137,1,0,247,3772,1637,95,15,1906
15,15,01,Schleswig-Holstein,01062,Stormarn,15373,351,7,736,74,56,1178,2634,367,387,434,917,712,2073,1023,134,330,942,334,2122,0,0,556,8456,3457,256,30,3174
16,16,02,Hamburg,02000,Hamburg,132953,595,39,4330,433,302,6117,21110,5038,4544,6136,10223,6992,24538,7688,450,2449,8005,2763,18113,10,2,2989,72458,32684,2353,460,24998
17,17,03,Niedersachsen,03101,Braunschweig,13236,107,7,605,12,39,672,2058,198,477,399,637,512,2022,723,114,384,1192,386,2261,2,0,422,6431,2892,299,34,3580
18,18,03,Niedersachsen,03102,Salzgitter,3592,74,3,189,9,18,258,624,93,183,47,135,76,269,219,33,125,376,138,615,0,0,106,1828,713,72,12,967
19,19,03,Niedersachsen,03103,Wolfsburg,4339,31,3,166,13,8,207,707,56,222,103,206,136,499,270,68,149,464,146,771,0,0,114,2191,873,102,15,1158
20,20,03,Niedersachsen,03151,Gifhorn,6968,434,9,277,47,21,541,1056,101,306,92,333,151,629,374,129,226,538,267,1177,1,0,258,3769,1219,73,14,1893
21,21,03,Niedersachsen,03153,Goslar,7707,209,11,376,16,27,468,1166,145,764,87,358,172,703,435,93,223,631,246,1325,0,0,250,3942,1539,132,10,2084
22,22,03,Niedersachsen,03154,Helmstedt,3749,162,4,149,61,16,218,590,53,150,38,179,88,327,200,79,123,319,152,724,0,0,117,1928,734,45,5,1037
23,23,03,Niedersachsen,03155,Northeim,7192,380,5,444,32,29,516,1220,113,315,89,337,112,570,395,117,198,601,261,1246,0,0,212,3731,1373,144,8,1936
24,24,03,Niedersachsen,03157,Peine,5931,280,8,300,98,27,488,947,110,201,85,315,141,515,326,62,179,434,240,976,0,0,198,3031,1241,82,6,1571
25,25,03,Niedersachsen,03158,Wolfenbüttel,5576,238,6,228,46,22,388,867,93,188,99,252,142,653,309,78,142,482,194,968,0,0,180,2885,1081,53,2,1555
26,26,03,Niedersachsen,03159,Göttingen,17431,419,15,905,56,64,1027,2634,268,849,351,812,484,1947,1023,215,475,1714,582,3047,0,0,541,8810,3461,325,21,4814
27,27,03,Niedersachsen,03241,Hannover,62559,1020,43,2673,189,170,3922,9872,1209,2482,1675,3355,2433,8562,3708,496,1644,4977,1812,10426,2,0,1871,30482,14737,1110,207,16023
28,28,03,Niedersachsen,03251,Diepholz,13954,1064,12,723,342,41,968,2323,327,462,185,795,395,1381,794,146,305,782,451,1983,1,0,465,7292,3121,184,16,3341
29,29,03,Niedersachsen,03252,Hameln-Pyrmont,8278,347,7,380,41,22,590,1294,136,412,139,408,223,846,473,79,221,718,244,1457,0,0,240,4303,1739,139,16,2081
30,30,03,Niedersachsen,03254,Hildesheim,14032,540,20,802,58,45,1017,2255,205,590,232,659,421,1531,810,172,406,1076,489,2299,0,0,401,7451,2821,223,22,3515
31,31,03,Niedersachsen,03255,Holzminden,3765,157,11,214,11,16,292,630,56,194,49,174,50,366,207,72,105,270,134,635,1,0,119,1912,767,61,11,1014
32,32,03,Niedersachsen,03256,Nienburg/Weser,7003,583,16,361,86,27,524,1115,159,258,77,412,128,594,365,125,183,447,265,1039,0,0,239,3564,1567,122,13,1737
33,33,03,Niedersachsen,03257,Schaumburg,8564,297,9,424,23,30,599,1412,163,354,135,454,209,874,506,146,215,693,306,1443,0,0,272,4392,1769,103,17,2283
34,34,03,Niedersachsen,03351,Celle,9663,461,3,414,92,39,778,1496,143,454,129,443,264,961,581,125,275,757,291,1638,0,0,316,5127,1888,128,13,2507
35,35,03,Niedersachsen,03352,Cuxhaven,10441,713,8,454,123,37,719,1512,255,693,114,464,255,962,619,147,311,680,333,1671,0,0,363,5406,2057,122,9,2847
36,36,03,Niedersachsen,03353,Harburg,15425,509,5,670,50,53,1179,2726,402,470,362,862,573,1839,1056,164,349,938,396,2306,0,0,505,8618,3005,145,20,3637
37,37,03,Niedersachsen,03354,Lüchow-Dannenberg,3147,214,6,121,31,11,193,475,39,178,35,115,47,223,187,63,83,253,70,692,0,0,111,1563,603,32,1,948
38,38,03,Niedersachsen,03355,Lüneburg,10123,289,5,424,41,19,736,1586,156,402,233,491,336,1167,593,129,295,838,231,1807,0,0,340,5265,2038,142,11,2667
39,39,03,Niedersachsen,03356,Osterholz,6021,283,4,266,33,14,476,988,124,221,90,331,152,648,382,69,157,408,220,933,0,0,215,3255,1202,76,4,1484
40,40,03,Niedersachsen,03357,Rotenburg (Wümme),9973,815,5,461,162,27,781,1652,187,400,148,555,260,1034,557,130,245,600,271,1375,0,0,306,5238,2269,159,10,2297
41,41,03,Niedersachsen,03358,Heidekreis,7891,430,12,340,67,35,601,1335,109,468,98,342,182,666,443,129,214,506,282,1338,2,0,287,4187,1511,131,10,2052
42,42,03,Niedersachsen,03359,Stade,11349,603,7,451,49,54,814,1780,498,423,190,812,366,1382,607,127,296,634,300,1627,1,0,304,6469,2286,168,13,2413
43,43,03,Niedersachsen,03360,Uelzen,5221,446,1,236,30,15,357,841,86,274,56,231,109,446,273,68,122,430,135,901,0,0,163,2776,1065,77,4,1299
44,44,03,Niedersachsen,03361,Verden,7859,429,2,364,38,22,540,1278,151,298,120,386,243,903,527,82,183,518,275,1197,0,0,298,3975,1701,127,14,2042
45,45,03,Niedersachsen,03401,Delmenhorst,3331,36,0,137,3,8,272,652,77,127,52,173,113,325,219,28,100,286,85,510,1,0,125,1737,707,63,6,818
46,46,03,Niedersachsen,03402,Emden,2686,40,4,125,16,9,123,386,130,126,33,184,96,357,201,40,61,180,77,407,0,0,87,1325,618,80,3,660
47,47,03,Niedersachsen,03403,Oldenburg,10444,55,3,402,113,20,498,1589,133,412,303,567,443,1721,647,70,280,936,230,1655,1,0,357,4932,2381,223,28,2880
48,48,03,Niedersachsen,03404,Osnabrück,10255,57,6,398,69,27,454,1587,209,451,239,711,391,1631,634,65,275,888,243,1654,0,0,262,5283,2150,241,48,2533
49,49,03,Niedersachsen,03405,Wilhelmshaven,3486,25,0,148,14,5,213,566,90,204,54,155,128,385,228,36,82,320,113,606,0,1,107,1678,740,65,5,998
50,50,03,Niedersachsen,03451,Ammerland,7988,484,6,386,57,28,654,1326,148,345,141,435,266,888,496,59,167,506,178,1179,0,0,235,4005,1967,117,9,1890
51,51,03,Niedersachsen,03452,Aurich,10691,424,16,424,339,34,725,1607,188,1053,93,544,293,890,642,118,232,710,304,1684,0,0,363,5660,2083,154,9,2785
52,52,03,Niedersachsen,03453,Cloppenburg,9940,739,12,588,184,28,988,1701,186,342,82,708,272,1207,554,72,226,484,230,1112,0,0,217,5061,2502,175,19,2183
53,53,03,Niedersachsen,03454,Emsland,19421,1235,29,998,380,56,1358,3005,576,788,185,1572,580,2585,1041,207,437,1028,480,2406,0,0,458,10335,4390,359,31,4306
54,54,03,Niedersachsen,03455,Friesland,5802,242,2,230,105,16,389,868,101,467,82,260,142,548,333,63,139,440,171,991,0,0,208,2932,1188,61,7,1614
55,55,03,Niedersachsen,03456,Grafschaft Bentheim,7831,411,9,427,70,31,571,1529,136,332,87,446,313,830,486,89,152,506,214,998,0,0,192,4130,1829,176,11,1685
56,56,03,Niedersachsen,03457,Leer,9510,381,10,409,96,32,690,1472,405,528,113,620,312,977,603,136,237,577,233,1390,0,0,281,5007,2028,120,38,2317
57,57,03,Niedersachsen,03458,Oldenburg,7968,517,3,414,130,27,638,1257,162,252,108,436,276,954,500,91,185,479,212,1054,0,0,270,4098,1857,101,6,1906
58,58,03,Niedersachsen,03459,Osnabrück,19594,1120,22,1136,203,75,1391,3408,379,770,244,1293,522,2155,1071,171,443,1283,569,2785,0,0,549,10631,4202,365,44,4352
59,59,03,Niedersachsen,03460,Vechta,9322,603,27,549,127,14,776,1678,200,366,113,630,361,1230,490,78,184,482,196,1000,0,0,215,4600,2479,229,26,1988
60,60,03,Niedersachsen,03461,Wesermarsch,4502,230,3,190,65,13,342,638,164,251,39,241,97,393,288,77,133,286,137,740,0,0,167,2205,974,69,5,1249
61,61,03,Niedersachsen,03462,Wittmund,3527,192,6,145,84,5,240,478,67,487,40,154,85,241,212,51,76,218,84,525,0,0,134,1796,692,30,1,1008
62,62,04,Bremen,04011,Bremen,31606,132,6,1277,231,100,1689,4950,1189,1275,837,1823,1413,4948,1747,110,602,2338,803,4765,0,3,1327,15268,7540,686,110,8002
63,63,04,Bremen,04012,Bremerhaven,5258,14,1,256,129,28,294,867,167,272,70,215,169,600,291,41,148,470,163,842,0,0,208,2478,1228,120,14,1418
64,64,05,Nordrhein-Westfalen,05111,Düsseldorf,48752,172,14,1751,99,97,2076,8085,1079,1946,1859,2922,3294,9782,2932,195,910,3017,1015,6180,0,1,1309,24586,13097,961,227,9881
65,65,05,Nordrhein-Westfalen,05112,Duisburg,17409,67,7,807,23,74,1281,3098,660,827,351,700,538,1860,1068,118,485,1457,545,2890,0,0,542,8620,4275,341,67,4106
66,66,05,Nordrhein-Westfalen,05113,Essen,28135,144,7,1158,39,96,1747,4658,578,1169,760,1361,1199,4448,1795,109,750,2272,722,4312,3,0,805,14365,6734,524,144,6368
67,67,05,Nordrhein-Westfalen,05114,Krefeld,11900,109,3,620,8,41,760,2170,202,425,234,613,433,1590,731,52,282,984,338,1884,1,0,418,6169,2715,224,28,2764
68,68,05,Nordrhein-Westfalen,05116,Mönchengladbach,13411,125,7,802,12,40,1032,2522,265,540,327,672,464,1755,746,86,326,1007,268,1932,1,0,477,7021,3191,254,31,2914
69,69,05,Nordrhein-Westfalen,05117,Mülheim an der Ruhr,8611,62,3,358,22,22,564,1489,172,307,224,433,368,1256,503,68,178,701,226,1365,0,0,286,4198,2164,159,21,2069
70,70,05,Nordrhein-Westfalen,05119,Oberhausen,8239,32,5,368,8,21,694,1542,151,378,208,363,305,851,508,43,184,658,259,1408,0,0,250,4042,1969,153,15,2060
71,71,05,Nordrhein-Westfalen,05120,Remscheid,6188,41,3,591,4,18,434,1079,108,183,101,305,177,779,363,47,152,475,131,991,0,0,206,2962,1639,143,14,1430
72,72,05,Nordrhein-Westfalen,05122,Solingen,9192,59,4,835,11,25,691,1703,141,255,189,405,265,1262,479,34,207,678,196,1418,0,0,335,4787,2220,148,14,2023
73,73,05,Nordrhein-Westfalen,05124,Wuppertal,17749,85,1,1033,17,42,1210,3066,407,555,363,851,653,2492,1000,92,404,1491,443,2965,3,0,572,9083,3970,275,37,4384
74,74,05,Nordrhein-Westfalen,05154,Kleve,18555,1069,30,933,108,73,1469,3413,364,773,296,1049,579,1905,1163,201,451,1067,526,2551,2,0,526,9508,4417,244,28,4358
75,75,05,Nordrhein-Westfalen,05158,Mettmann,28426,251,6,1831,45,93,1934,5002,612,926,798,1495,1119,4199,1868,168,679,1838,619,3999,3,0,929,14233,7041,569,80,6503
76,76,05,Nordrhein-Westfalen,05162,Rhein-Kreis Neuss,24326,435,11,1150,40,68,1576,4848,560,838,631,1204,783,3295,1529,130,587,1540,640,3623,1,1,829,12418,5399,380,40,6089
77,77,05,Nordrhein-Westfalen,05166,Viersen,17624,518,14,1055,57,82,1407,3264,342,647,368,883,521,2190,1123,129,405,1066,467,2493,0,0,590,9109,4011,283,29,4192
78,78,05,Nordrhein-Westfalen,05170,Wesel,22295,622,16,1174,47,106,1757,3894,414,877,389,1056,639,2564,1410,223,552,1620,723,3523,0,0,677,11422,5198,340,36,5299
79,79,05,Nordrhein-Westfalen,05314,Bonn,19477,66,3,645,34,49,790,2575,307,760,794,884,631,3234,1128,155,572,2090,550,3552,1,0,653,9354,4489,337,69,5228
80,80,05,Nordrhein-Westfalen,05315,Köln,65967,159,40,2361,116,170,3059,9660,1260,3059,3295,3845,2877,11697,3950,207,1454,4884,1861,9924,0,2,2075,32427,16363,1149,240,15788
81,81,05,Nordrhein-Westfalen,05316,Leverkusen,6553,44,1,255,2,26,453,1077,111,295,156,306,168,790,474,36,167,629,170,1129,0,0,263,3243,1428,131,16,1735
82,82,05,Nordrhein-Westfalen,05334,Aachen,31099,315,28,1608,142,78,2019,4957,498,1285,896,1603,910,4780,1940,230,811,2537,755,4666,0,0,1030,15608,7356,527,65,7543
83,83,05,Nordrhein-Westfalen,05358,Düren,13435,399,10,774,46,53,1095,2109,258,566,232,545,293,1609,875,156,341,961,424,2212,0,0,475,6694,2937,216,19,3569
84,84,05,Nordrhein-Westfalen,05362,Rhein-Erft-Kreis,23177,342,20,1038,48,91,1803,3894,609,908,595,1160,715,2871,1604,194,620,1668,681,3493,1,0,820,12054,5037,351,43,5692
85,85,05,Nordrhein-Westfalen,05366,Euskirchen,10577,303,8,566,32,31,948,1629,216,472,196,465,240,1189,591,129,248,791,330,1764,1,0,424,5248,2247,128,10,2944
86,86,05,Nordrhein-Westfalen,05370,Heinsberg,13554,595,20,833,104,52,1236,2374,197,515,210,702,376,1567,776,108,351,864,373,1852,0,0,447,7014,3052,196,14,3278
87,87,05,Nordrhein-Westfalen,05374,Oberbergischer Kreis,15286,315,12,1054,22,47,1222,2611,233,486,283,749,400,1833,953,154,412,1120,420,2430,0,0,525,7778,3331,269,38,3870
88,88,05,Nordrhein-Westfalen,05378,Rheinisch-Bergischer Kreis,16336,214,5,831,28,47,1341,2527,259,535,458,880,629,2378,1133,89,415,1288,402,2336,1,0,536,8629,3530,210,28,3939
89,89,05,Nordrhein-Westfalen,05382,Rhein-Sieg-Kreis,31128,646,26,1501,50,102,2491,5002,551,1114,781,1472,1013,4007,2097,284,907,2354,873,4796,1,0,1045,15959,6747,460,50,7912
90,90,05,Nordrhein-Westfalen,05512,Bottrop,4627,64,5,253,10,16,346,819,112,215,66,185,160,531,288,24,127,455,141,677,0,0,131,2474,955,77,6,1115
91,91,05,Nordrhein-Westfalen,05513,Gelsenkirchen,9033,45,4,416,14,29,633,1639,205,390,141,379,309,1034,629,69,255,788,282,1468,0,0,302,4487,2081,191,43,2231
92,92,05,Nordrhein-Westfalen,05515,Münster,17813,192,2,688,56,41,757,2527,266,695,596,1188,789,3149,1050,97,517,1795,446,2441,3,0,511,8994,4102,377,62,4278
93,93,05,Nordrhein-Westfalen,05554,Borken,21598,921,14,1359,136,94,1871,4103,387,812,338,1368,766,2637,1220,187,503,1180,509,2662,0,0,528,11111,5371,462,42,4612
94,94,05,Nordrhein-Westfalen,05558,Coesfeld,12436,601,6,660,93,41,943,2070,191,418,191,684,318,1606,738,122,306,863,307,1829,0,0,447,6381,2794,195,16,3050
95,95,05,Nordrhein-Westfalen,05562,Recklinghausen,25323,327,13,1238,82,100,1805,4511,487,1083,452,1232,826,2868,1585,216,815,2165,789,3852,1,0,871,12675,5845,408,37,6358
96,96,05,Nordrhein-Westfalen,05566,Steinfurt,24157,930,23,1305,200,68,1693,4203,495,1020,350,1587,828,2843,1428,233,595,1689,698,3265,0,0,699,12619,5257,497,30,5754
97,97,05,Nordrhein-Westfalen,05570,Warendorf,14660,718,7,906,71,54,1035,2589,227,551,181,902,406,1679,905,147,340,1007,395,2097,0,0,439,7852,3097,238,30,3443
98,98,05,Nordrhein-Westfalen,05711,Bielefeld,18326,162,3,918,26,39,1019,3112,396,607,469,1163,652,2859,1011,90,450,1544,405,2869,2,0,524,8925,4286,404,76,4635
99,99,05,Nordrhein-Westfalen,05754,Gütersloh,20543,631,9,1418,84,74,1469,3817,385,678,370,1234,714,2768,1219,186,438,1197,487,2810,0,0,548,10770,4697,482,54,4540
100,100,05,Nordrhein-Westfalen,05758,Herford,15473,338,6,1055,25,42,1150,2811,280,452,243,978,414,1919,873,127,327,890,324,2761,1,0,453,7539,3513,319,69,4033
101,101,05,Nordrhein-Westfalen,05762,Höxter,8172,397,13,542,104,34,648,1323,141,402,76,422,145,923,433,93,221,570,267,1214,0,0,202,4417,1648,145,8,1954
102,102,05,Nordrhein-Westfalen,05766,Lippe,18889,513,13,1167,104,70,1495,3262,328,824,294,1067,519,2438,1087,235,465,1210,527,2703,0,0,565,9672,4203,328,62,4624
103,103,05,Nordrhein-Westfalen,05770,Minden-Lübbecke,17664,723,21,1110,81,59,1286,3123,282,617,245,1191,500,2230,956,151,432,1171,474,2518,0,0,493,9027,4093,359,105,4080
104,104,05,Nordrhein-Westfalen,05774,Paderborn,17142,463,12,1014,165,58,1214,2768,292,704,426,939,561,2247,996,189,474,1063,479,2530,0,0,538,8806,3901,357,38,4040
105,105,05,Nordrhein-Westfalen,05911,Bochum,16401,76,5,694,24,52,1052,2791,282,721,448,814,676,2311,884,97,507,1477,434,2512,1,0,542,8175,3817,302,47,4060
106,106,05,Nordrhein-Westfalen,05913,Dortmund,25205,130,6,996,29,55,1645,3930,564,1083,789,1486,973,3558,1596,132,649,2069,674,3992,0,0,840,12113,6478,511,60,6043
107,107,05,Nordrhein-Westfalen,05914,Hagen,8205,38,4,462,12,34,525,1454,221,320,132,389,283,1056,501,62,238,670,243,1273,0,0,288,4152,2026,207,32,1788
108,108,05,Nordrhein-Westfalen,05915,Hamm,7445,138,1,319,15,24,437,1243,128,294,127,334,220,858,451,53,177,642,271,1505,0,0,205,3752,1648,145,14,1886
109,109,05,Nordrhein-Westfalen,05916,Herne,5343,22,3,234,2,24,522,919,113,243,95,247,143,537,334,49,165,505,167,849,0,0,168,2687,1181,103,23,1349
110,110,05,Nordrhein-Westfalen,05954,Ennepe-Ruhr-Kreis,16705,230,7,1165,21,54,1156,2834,280,641,317,808,464,2024,995,146,439,1363,511,2689,1,0,553,8350,3859,285,24,4187
111,111,05,Nordrhein-Westfalen,05958,Hochsauerlandkreis,16139,381,17,1155,94,63,1187,2577,298,1097,221,918,385,1829,849,178,402,1019,496,2493,0,0,476,8474,3736,326,32,3571
112,112,05,Nordrhein-Westfalen,05962,Märkischer Kreis,21358,288,13,2054,34,89,1476,3547,393,801,319,1107,644,2619,1219,201,574,1533,631,3146,1,1,664,11300,4919,540,38,4561
113,113,05,Nordrhein-Westfalen,05966,Olpe,7976,165,9,633,18,33,578,1256,155,401,86,530,227,936,459,107,195,463,300,1198,0,0,225,4083,1844,178,21,1850
114,114,05,Nordrhein-Westfalen,05970,Siegen-Wittgenstein,15475,177,7,1143,23,44,1017,2451,306,619,239,893,457,1940,961,198,401,1087,491,2519,0,0,499,7699,3535,349,35,3857
115,115,05,Nordrhein-Westfalen,05974,Soest,16170,638,14,1019,118,65,1134,2659,217,745,234,827,545,1801,905,190,437,1179,507,2481,0,0,450,8562,3536,278,45,3749
116,116,05,Nordrhein-Westfalen,05978,Unna,17646,269,6,925,58,91,1227,2938,465,642,311,817,547,2029,1164,196,456,1542,512,2897,1,0,552,9070,4000,303,36,4237
117,232,09,Freistaat Bayern,09177,Erding,7911,252,14,445,46,34,789,1237,253,329,246,341,266,824,511,92,177,472,224,1110,0,0,247,4155,1927,90,14,1725
118,117,06,Hessen,06411,Kreisfreie Stadt Darmstadt,10256,32,2,381,16,30,377,1493,125,456,484,439,387,1948,632,84,232,848,267,1712,1,0,307,5233,2205,182,43,2593
119,118,06,Hessen,06412,Kreisfreie Stadt Frankfurt am Main,53589,135,9,1532,118,106,2480,7115,1273,2441,2290,3937,3164,10050,4295,258,883,3379,1056,7834,0,2,1220,25857,13684,1038,226,12784
120,119,06,Hessen,06413,Kreisfreie Stadt Offenbach am Main,6536,21,1,247,8,19,556,994,173,293,174,254,246,897,564,38,149,513,172,1043,1,0,170,3452,1348,107,16,1613
121,120,06,Hessen,06414,Landeshauptstadt Wiesbaden,18088,111,5,617,33,41,978,2563,323,728,618,885,823,3236,1193,140,401,1545,422,2912,0,0,509,9563,3875,284,58,4308
122,121,06,Hessen,06431,Bergstraße,16386,222,21,1020,36,55,1338,2803,284,770,397,732,412,1917,1056,193,371,1067,514,2649,0,0,526,8933,3262,194,8,3989
123,122,06,Hessen,06432,Darmstadt-Dieburg,16286,254,8,931,26,64,1183,2840,333,626,481,666,424,2039,1110,160,385,1033,552,2665,0,0,501,8991,3006,192,13,4084
124,123,06,Hessen,06433,Groß-Gerau,12625,163,12,593,22,64,895,2209,720,619,299,480,361,1370,944,133,281,824,370,1906,1,0,357,6623,2691,218,31,3062
125,124,06,Hessen,06434,Hochtaunus,17903,118,5,702,33,25,977,2717,255,599,608,1122,884,3389,1188,136,408,1339,394,2551,1,1,447,9366,4148,276,35,4078
126,125,06,Hessen,06435,Main-Kinzig,24147,323,14,1314,67,102,1850,4304,570,1092,522,1081,689,2776,1527,281,527,1554,833,4020,0,0,699,13159,4962,320,37,5669
127,126,06,Hessen,06436,Main-Taunus,16009,137,2,623,52,34,1011,2503,312,572,677,923,917,2495,1184,110,340,971,397,2320,1,0,425,8258,3625,251,57,3818
128,127,06,Hessen,06437,Odenwaldkreis,5483,89,5,404,10,17,399,943,96,318,100,226,82,465,484,104,124,350,178,913,0,0,174,2837,1008,58,5,1575
129,128,06,Hessen,06438,Offenbach,21796,133,10,1169,28,71,1527,4009,541,812,718,981,896,3091,1575,168,457,1227,544,3212,2,0,620,11822,4724,390,50,4810
130,129,06,Hessen,06439,Rheingau-Taunus,11463,351,3,567,16,29,829,1650,188,599,337,470,344,1469,731,155,277,776,378,1942,2,0,348,6231,2202,120,8,2902
131,130,06,Hessen,06440,Wetterau,18452,431,12,952,40,66,1415,3053,383,706,396,803,488,2341,1190,247,429,1246,612,3152,2,1,485,9849,3798,226,24,4555
132,131,06,Hessen,06531,Gießen,15311,241,10,742,25,60,1056,2435,210,625,322,703,476,1964,894,184,363,1230,523,2785,1,0,457,7850,3046,261,14,4140
133,132,06,Hessen,06532,Lahn-Dill,15391,151,11,1135,39,51,1171,2639,289,591,240,810,359,1689,865,251,387,1051,547,2656,0,0,453,7892,3248,249,27,3975
134,133,06,Hessen,06533,Limburg-Weilburg,10868,221,16,610,44,40,923,1796,177,480,194,552,272,1246,704,172,287,734,398,1689,0,0,311,5701,2221,163,15,2768
135,134,06,Hessen,06534,Marburg-Biedenkopf,13517,305,4,753,48,43,890,2102,210,579,248,576,285,1449,730,256,380,1168,497,2560,2,0,431,6881,2577,239,18,3802
136,135,06,Hessen,06535,Vogelsberg,6641,272,4,414,31,22,563,1121,111,328,83,304,105,605,364,122,158,438,275,1124,0,0,195,3468,1341,121,7,1704
137,136,06,Hessen,06611,Kreisfreie Stadt Kassel,11370,63,8,430,41,29,502,1803,174,476,310,498,357,1675,701,117,337,1120,307,2099,0,0,318,5528,2524,266,31,3021
138,137,06,Hessen,06631,Fulda,13311,309,14,769,44,28,916,2172,238,685,239,820,412,1635,724,174,350,859,487,2059,1,0,373,6703,2888,264,34,3422
139,138,06,Hessen,06632,Hersfeld-Rotenburg,6516,213,13,339,21,24,465,1086,159,295,83,311,145,649,379,91,163,439,275,1186,0,0,179,3394,1257,124,11,1730
140,139,06,Hessen,06633,Kassel,11872,344,8,670,63,49,952,1967,256,471,174,561,245,1202,737,182,259,864,449,2015,0,0,396,6256,2372,131,11,3102
141,140,06,Hessen,06634,Schwalm-Eder,9836,529,17,542,39,54,788,1562,194,450,114,466,162,897,508,162,222,683,383,1757,0,0,307,5356,1750,116,13,2601
142,141,06,Hessen,06635,Waldeck-Frankenberg,9969,429,8,566,51,36,723,1526,172,850,88,481,210,860,547,127,249,727,398,1603,0,0,316,5312,2008,183,15,2451
143,142,06,Hessen,06636,Werra-Meißner,5814,221,7,326,22,15,483,1015,107,300,75,265,107,448,311,115,151,467,225,990,0,0,163,3067,1181,90,2,1474
144,143,07,Rheinland-Pfalz,07111,Stadt Koblenz,7303,53,3,261,12,21,375,1142,175,375,185,368,271,1035,465,74,188,668,215,1184,1,0,229,3646,1602,172,21,1862
145,144,07,Rheinland-Pfalz,07131,Ahrweiler,7932,171,8,416,8,30,731,1290,152,565,158,375,197,840,497,113,182,540,209,1197,0,0,250,4155,1716,102,7,1952
146,145,07,Rheinland-Pfalz,07132,Altenkirchen (Ww),7243,118,2,556,11,21,612,1197,122,269,95,371,169,752,445,138,195,486,250,1214,0,0,218,3798,1447,135,9,1854
147,146,07,Rheinland-Pfalz,07133,Bad Kreuznach,9301,428,13,546,20,24,681,1623,144,443,161,382,199,998,577,157,208,673,283,1458,0,0,282,5002,1755,120,11,2413
148,147,07,Rheinland-Pfalz,07134,Birkenfeld,5417,97,9,532,10,26,379,1185,79,254,61,252,66,413,304,118,131,350,167,837,0,0,146,3043,1025,73,5,1271
149,148,07,Rheinland-Pfalz,07135,Cochem-Zell,4633,369,2,239,20,18,346,764,80,521,67,204,62,303,248,100,100,282,116,669,0,0,120,2510,828,44,9,1242
150,149,07,Rheinland-Pfalz,07137,Mayen-Koblenz,12317,307,34,751,35,53,982,2083,294,624,198,711,291,1246,738,161,301,803,397,1948,0,0,357,6404,2522,156,21,3214
151,150,07,Rheinland-Pfalz,07138,Neuwied,10997,140,14,713,24,36,968,1943,205,454,214,622,261,1176,649,152,247,810,291,1749,0,0,325,5700,2320,176,21,2780
152,151,07,Rheinland-Pfalz,07140,Rhein-Hunsrück-Kreis,6476,155,3,364,17,18,599,1007,179,446,115,296,98,637,411,147,160,383,194,1023,2,0,218,3246,1328,119,2,1781
153,152,07,Rheinland-Pfalz,07141,Rhein-Lahn-Kreis,7375,154,9,393,13,22,612,1162,136,467,123,308,163,716,444,204,182,541,263,1243,0,0,219,3894,1385,74,11,2011
154,153,07,Rheinland-Pfalz,07143,Westerwaldkreis,12998,170,21,977,26,41,1160,2223,274,527,244,759,267,1384,799,282,288,764,391,2049,0,0,349,6825,2783,210,20,3160
155,154,07,Rheinland-Pfalz,07211,Stadt Trier,6390,38,3,265,26,22,291,1067,97,351,119,349,258,835,328,80,191,583,179,1082,0,0,225,2997,1532,164,20,1677
156,155,07,Rheinland-Pfalz,07231,Bernkastel-Wittlich,7952,771,16,476,34,21,576,1326,130,618,65,357,125,560,389,144,172,516,202,1181,0,0,273,4246,1699,108,11,1888
157,156,07,Rheinland-Pfalz,07232,Eifelkreis Bitburg-Prüm,6024,293,7,341,49,40,486,974,102,395,64,325,146,471,329,103,139,330,180,1033,0,0,216,2921,1413,74,3,1613
158,157,07,Rheinland-Pfalz,07233,Vulkaneifel,3875,128,10,222,10,9,310,641,94,285,45,171,78,271,209,108,94,247,114,686,0,0,142,1911,888,46,3,1027
159,158,07,Rheinland-Pfalz,07235,Trier-Saarburg,7983,584,8,445,30,21,653,1230,136,491,90,365,149,651,392,187,169,503,261,1322,0,0,292,4078,1653,64,6,2182
160,159,07,Rheinland-Pfalz,07311,Stadt Frankenthal (Pfalz),2078,24,0,105,6,2,151,357,43,91,35,82,46,214,145,26,66,193,67,352,0,0,73,1064,442,31,6,535
161,160,07,Rheinland-Pfalz,07312,Stadt Kaiserslautern,5457,21,1,265,18,13,258,951,72,304,137,247,203,778,313,56,157,481,133,890,0,1,154,2767,1188,145,7,1350
162,161,07,Rheinland-Pfalz,07313,Stadt Landau in der Pfalz,3091,93,0,137,7,17,159,518,44,143,68,170,84,398,184,39,92,268,64,493,0,0,112,1616,646,58,11,760
163,162,07,Rheinland-Pfalz,07314,Stadt Ludwigshafen a. Rh.,6364,41,5,316,15,21,468,992,153,332,155,274,193,694,459,48,153,603,176,1088,0,0,178,3302,1374,144,23,1521
164,163,07,Rheinland-Pfalz,07315,Stadt Mainz,13502,71,4,443,35,32,722,1738,235,508,510,772,1268,1961,779,110,294,1134,323,2236,0,0,326,6726,3099,248,30,3399
165,164,07,Rheinland-Pfalz,07316,Stadt Neustadt a.d. W.,3555,139,1,167,7,13,220,571,69,189,80,162,95,464,220,25,96,287,98,546,0,0,106,1860,754,47,5,889
166,165,07,Rheinland-Pfalz,07317,Stadt Pirmasens,2708,16,1,170,5,6,153,613,50,115,51,142,76,303,146,25,63,204,78,415,0,0,76,1408,646,66,6,582
167,166,07,Rheinland-Pfalz,07318,Stadt Speyer,3070,11,1,159,4,15,171,510,66,146,69,129,86,372,220,34,77,300,86,503,1,0,106,1544,657,54,11,804
168,167,07,Rheinland-Pfalz,07319,Stadt Worms,4409,98,0,220,7,13,342,770,113,225,117,157,143,471,288,32,110,313,136,748,0,0,106,2474,919,60,12,944
169,168,07,Rheinland-Pfalz,07320,Stadt Zweibrücken,1914,14,1,99,2,7,112,340,25,96,48,97,52,202,116,21,68,174,65,297,0,0,77,994,403,26,2,489
170,169,07,Rheinland-Pfalz,07331,Alzey-Worms,7560,598,4,387,61,22,565,1333,92,298,137,346,181,659,482,138,173,422,207,1214,0,0,238,4277,1365,61,5,1852
171,170,07,Rheinland-Pfalz,07332,Bad Dürkheim,8210,542,2,442,19,27,623,1232,135,507,160,320,201,896,509,115,201,552,238,1239,0,1,249,4565,1600,84,5,1956
172,171,07,Rheinland-Pfalz,07333,Donnersbergkreis,3898,150,8,253,14,12,334,607,71,195,52,154,63,355,230,99,128,283,144,630,0,0,114,2113,722,44,4,1015
173,172,07,Rheinland-Pfalz,07334,Germersheim,6198,161,10,359,10,34,515,1021,126,255,113,261,136,544,409,91,163,397,235,1157,0,0,200,3353,1128,73,6,1638
174,173,07,Rheinland-Pfalz,07335,Kaiserslautern,5462,105,6,297,19,19,607,809,96,316,64,237,110,473,337,86,140,382,232,948,0,0,177,2864,1013,58,4,1523
175,174,07,Rheinland-Pfalz,07336,Kusel,3440,100,5,215,7,10,313,581,45,178,49,157,48,259,187,97,103,247,175,590,0,0,74,1960,547,25,1,907
176,175,07,Rheinland-Pfalz,07337,Südliche Weinstraße,7262,698,5,445,12,31,531,1146,82,490,112,335,134,638,368,96,180,457,198,1066,0,0,236,4202,1286,63,3,1708
177,176,07,Rheinland-Pfalz,07338,Rhein-Pfalz-Kreis,6986,190,7,401,16,38,635,1135,197,301,120,283,166,758,457,81,158,464,243,1143,1,0,192,3909,1292,66,3,1716
178,177,07,Rheinland-Pfalz,07339,Mainz-Bingen,12467,649,8,556,65,41,859,1990,206,560,328,540,349,1428,816,177,308,802,356,2032,0,0,391,6601,2406,122,17,3321
179,178,07,Rheinland-Pfalz,07340,Südwestpfalz,5156,142,4,343,13,16,532,921,96,302,60,220,77,384,291,104,145,316,222,830,0,0,138,2855,913,59,2,1327
180,179,08,Baden-Württemberg,08111,Stuttgart,39219,179,16,1516,97,80,1849,5027,580,1537,1757,2140,1617,7903,2271,250,1005,2840,879,6549,0,2,1114,18688,10084,938,163,9346
181,180,08,Baden-Württemberg,08115,Böblingen,20217,200,10,1240,39,48,1365,3320,335,762,649,1053,668,2848,1270,230,562,1354,564,3097,1,0,597,10305,4681,359,47,4825
182,181,08,Baden-Württemberg,08116,Esslingen,30378,302,13,2221,102,87,2126,4713,592,1084,839,1536,852,4393,2038,298,870,2045,816,4578,0,0,864,15511,7018,570,70,7209
183,182,08,Baden-Württemberg,08117,Göppingen,14311,236,3,1205,31,40,1103,2393,248,548,303,732,307,1643,809,189,422,1014,380,2261,0,0,438,7523,3184,264,32,3308
184,183,08,Baden-Württemberg,08118,Ludwigsburg,27677,480,14,1981,80,77,2093,4363,525,958,783,1453,843,3779,1751,277,712,1805,785,4143,0,0,770,14493,6338,508,56,6282
185,184,08,Baden-Württemberg,08119,Rems-Murr-Kreis,24582,395,13,1851,59,76,1922,3917,423,903,617,1302,741,2918,1501,257,660,1673,669,3938,2,0,742,12637,5483,387,56,6019
186,185,08,Baden-Württemberg,08121,Heilbronn,7599,83,4,376,16,19,470,1175,174,316,189,471,282,1141,407,63,213,595,170,1272,1,0,160,3948,1851,187,24,1589
187,186,08,Baden-Württemberg,08125,Heilbronn,19305,588,13,1422,57,74,1581,3182,357,740,393,997,491,2251,1014,260,495,1083,565,3221,1,0,515,10447,4491,350,60,3957
188,187,08,Baden-Württemberg,08126,Hohenlohekreis,6249,244,8,530,28,25,467,1013,114,267,89,349,135,637,331,134,173,366,186,1004,0,0,148,3451,1403,142,19,1234
189,188,08,Baden-Württemberg,08127,Schwäbisch Hall,11277,404,15,888,89,36,928,1839,180,454,159,611,243,1153,574,218,349,691,327,1829,0,0,282,6164,2634,193,45,2241
190,189,08,Baden-Württemberg,08128,Main-Tauber-Kreis,7593,206,8,559,88,22,523,1299,123,367,86,395,143,767,414,136,234,575,265,1180,0,0,203,3902,1696,176,23,1796
191,190,08,Baden-Württemberg,08135,Heidenheim,6531,120,16,475,48,23,444,1030,105,246,110,374,146,684,373,83,194,483,226,1149,0,0,201,3404,1330,99,22,1676
192,191,08,Baden-Württemberg,08136,Ostalbkreis,17167,298,9,1306,132,56,1289,2750,267,742,293,990,462,1882,905,299,543,1183,537,2769,0,0,449,8945,3822,285,49,4066
193,192,08,Baden-Württemberg,08211,Baden-Baden,4623,40,2,184,6,9,229,755,77,252,146,306,224,713,294,22,103,441,127,609,1,0,81,2407,1114,109,12,981
194,193,08,Baden-Württemberg,08212,Karlsruhe,18202,46,5,749,50,63,935,2690,271,757,858,962,629,3112,1105,113,524,1546,433,2804,0,1,545,9056,4278,369,63,4436
195,194,08,Baden-Württemberg,08215,Karlsruhe,24083,319,18,1640,60,61,2022,4134,441,968,601,1253,605,2776,1437,295,654,1681,673,3778,1,0,655,12609,5377,415,37,5645
196,195,08,Baden-Württemberg,08216,Rastatt,11952,154,11,721,26,41,853,2089,265,559,220,657,279,1253,751,175,350,798,430,1911,0,0,402,6174,2632,176,16,2954
197,196,08,Baden-Württemberg,08221,Heidelberg,10263,58,2,358,26,22,346,1367,116,531,388,510,343,1728,699,64,339,1219,219,1649,0,0,277,5152,2250,205,29,2627
198,197,08,Baden-Württemberg,08222,Mannheim,18052,60,4,793,42,67,1116,2854,476,822,583,921,743,2552,1198,118,445,1414,434,2917,0,0,485,9160,4196,363,78,4255
199,198,08,Baden-Württemberg,08225,Neckar-Odenwald-Kreis,7882,212,9,524,39,34,613,1245,155,371,108,415,125,802,451,168,250,528,284,1307,0,0,240,4300,1728,131,14,1709
200,199,08,Baden-Württemberg,08226,Rhein-Neckar-Kreis,30402,361,10,1744,58,103,2284,4956,546,1282,854,1434,922,3723,2060,324,858,2281,957,4742,1,0,897,16254,6298,384,48,7418
201,200,08,Baden-Württemberg,08231,Pforzheim,6872,26,0,530,13,15,367,1295,95,271,149,376,210,972,373,50,155,579,132,1090,0,0,172,3593,1637,136,18,1488
202,201,08,Baden-Württemberg,08235,Calw,9041,180,5,651,22,39,736,1446,181,477,148,416,209,891,490,162,263,679,307,1498,0,0,241,4890,1815,131,8,2197
203,202,08,Baden-Württemberg,08236,Enzkreis,11500,173,11,1243,31,45,859,1947,181,323,240,579,261,1393,661,167,313,641,352,1745,0,0,334,6334,2585,201,18,2362
204,203,08,Baden-Württemberg,08237,Freudenstadt,7365,129,5,548,28,39,625,1199,141,541,95,352,157,740,374,112,227,485,254,1092,0,0,222,3934,1620,145,11,1655
205,204,08,Baden-Württemberg,08311,Freiburg im Breisgau,14993,76,3,661,55,35,612,1955,210,568,493,651,496,2160,1056,91,425,1784,350,2818,0,0,490,7208,3102,262,29,4392
206,205,08,Baden-Württemberg,08315,Breisgau-Hochschwarzwald,16947,450,15,940,43,60,1352,2447,328,1181,320,706,376,1740,1049,221,434,1365,544,2835,0,0,538,8912,3381,215,28,4411
207,206,08,Baden-Württemberg,08316,Emmendingen,9894,269,11,736,29,22,820,1541,161,479,193,466,220,976,557,139,278,767,343,1547,0,0,338,5124,2043,131,14,2582
208,207,08,Baden-Württemberg,08317,Ortenaukreis,25586,590,31,1870,73,85,1847,4283,553,1484,471,1275,535,2643,1403,415,693,1815,878,3904,0,0,726,13510,5720,524,56,5776
209,208,08,Baden-Württemberg,08325,Rottweil,9005,172,6,781,60,42,704,1356,158,369,119,534,188,980,511,154,271,565,295,1480,0,0,259,4779,1910,176,10,2130
210,209,08,Baden-Württemberg,08326,Schwarzwald-Baar-Kreis,12512,187,5,1091,50,42,943,1996,265,586,247,716,297,1382,773,141,321,911,341,1925,0,0,288,6584,2727,276,25,2900
211,210,08,Baden-Württemberg,08327,Tuttlingen,8414,112,5,1043,20,28,559,1466,136,308,134,547,166,959,385,144,239,484,209,1260,0,0,208,4284,2063,192,20,1855
212,211,08,Baden-Württemberg,08335,Konstanz,17710,293,14,1032,44,54,1163,2856,285,908,406,785,522,2124,1090,214,467,1501,516,2911,0,0,504,9040,3763,274,31,4602
213,212,08,Baden-Württemberg,08336,Lörrach,12396,226,9,797,48,37,940,1999,288,775,214,500,305,1159,756,230,375,946,363,2118,0,0,311,6390,2617,188,26,3175
214,213,08,Baden-Württemberg,08337,Waldshut,9734,223,14,635,36,42,920,1570,173,700,120,449,206,809,555,189,272,723,296,1562,0,0,237,5180,2028,162,12,2352
215,214,08,Baden-Württemberg,08415,Reutlingen,17359,256,8,1321,86,58,1220,2748,291,680,412,910,444,2427,975,199,516,1174,470,2597,1,0,558,9133,3855,287,32,4052
216,215,08,Baden-Württemberg,08416,Tübingen,12642,143,2,795,39,35,815,1748,152,438,333,503,287,1672,703,183,445,1325,398,2199,1,0,424,6488,2616,175,19,3344
217,216,08,Baden-Württemberg,08417,Zollernalbkreis,12176,181,3,1103,42,41,995,2077,183,486,190,623,241,1412,586,242,367,781,428,1871,0,0,322,6480,2660,198,21,2817
218,217,08,Baden-Württemberg,08421,Ulm,7890,53,9,392,22,13,372,1148,141,340,281,496,299,1248,460,52,224,739,164,1200,0,0,237,3826,1817,225,38,1984
219,218,08,Baden-Württemberg,08425,Alb-Donau-Kreis,10533,355,11,790,65,38,965,1760,197,401,174,643,219,1072,524,207,302,634,326,1493,2,0,350,5618,2321,152,8,2434
220,219,08,Baden-Württemberg,08426,Biberach,10548,399,23,753,70,24,902,1687,205,426,146,602,283,1175,556,178,316,624,300,1545,0,0,329,5688,2186,187,27,2460
221,220,08,Baden-Württemberg,08435,Bodenseekreis,13644,333,8,814,22,40,909,2142,163,895,297,591,450,1602,817,160,363,1022,351,2200,1,0,445,7048,2932,177,23,3464
222,221,08,Baden-Württemberg,08436,Ravensburg,17431,399,17,1209,82,62,1326,2870,282,696,318,866,483,2070,1046,241,526,1358,463,2603,0,0,504,8819,3981,304,38,4289
223,222,08,Baden-Württemberg,08437,Sigmaringen,7757,276,19,609,53,26,653,1283,147,360,107,418,172,674,396,137,224,495,268,1186,0,0,251,4077,1647,152,15,1866
224,223,09,Freistaat Bayern,09161,Ingolstadt,6520,42,4,291,20,17,365,1057,103,327,177,350,265,940,437,40,189,512,136,1035,0,0,212,3179,1607,141,20,1573
225,224,09,Freistaat Bayern,09162,München,111060,229,23,3846,265,232,4470,14516,1954,3905,6649,7066,4872,23428,6466,406,2466,8533,2469,15875,1,1,3355,56497,29075,1844,405,23239
226,225,09,Freistaat Bayern,09163,Rosenheim,4936,24,1,238,8,11,289,838,70,177,146,297,204,700,291,33,115,439,113,794,1,0,145,2455,1119,80,11,1271
227,226,09,Freistaat Bayern,09171,Altötting,5875,106,15,333,41,25,513,992,101,258,109,322,156,619,323,92,154,410,135,966,0,0,204,3024,1365,90,6,1390
228,227,09,Freistaat Bayern,09172,Berchtesgadener Land,7980,94,14,404,25,32,546,1401,172,722,127,375,216,829,420,92,151,561,194,1366,0,0,239,4158,1609,104,12,2097
229,228,09,Freistaat Bayern,09173,Bad Tölz-Wolfratshausen,9694,167,12,547,22,24,961,1430,145,496,265,422,290,1244,589,104,207,727,243,1480,0,0,316,5109,2212,99,9,2265
230,229,09,Freistaat Bayern,09174,Dachau,8822,190,4,506,46,29,866,1471,185,297,249,429,324,1025,553,67,200,541,207,1361,0,0,268,4678,2021,106,12,2005
231,230,09,Freistaat Bayern,09175,Ebersberg,9183,126,7,508,34,27,736,1441,168,325,337,443,303,1332,605,77,221,551,228,1413,0,0,298,4844,2100,111,15,2113
232,231,09,Freistaat Bayern,09176,Eichstätt,6343,229,16,447,31,37,609,943,113,355,108,321,157,599,352,104,178,343,205,986,0,0,210,3292,1369,107,11,1564
233,233,09,Freistaat Bayern,09178,Freising,10267,236,14,534,39,48,894,1691,356,353,354,461,336,1237,618,113,260,600,234,1564,0,0,317,5373,2441,154,16,2283
234,234,09,Freistaat Bayern,09179,Fürstenfeldbruck,12653,135,3,687,37,45,1018,2043,227,348,544,626,370,1727,851,96,348,876,307,1957,0,0,401,6963,2756,127,14,2793
235,235,09,Freistaat Bayern,09180,Garmisch-Partenkirchen,7456,85,5,354,12,24,621,1086,146,961,126,281,203,743,416,79,181,541,230,1141,0,0,219,4102,1450,59,9,1836
236,236,09,Freistaat Bayern,09181,Landsberg am Lech,8517,204,8,454,52,27,745,1292,110,268,261,394,207,1087,477,97,234,567,241,1430,1,0,357,4475,1832,89,5,2116
237,237,09,Freistaat Bayern,09182,Miesbach,8866,120,7,407,21,37,777,1241,158,632,224,447,315,1229,563,87,170,592,208,1318,1,0,312,4683,2010,87,9,2077
238,238,09,Freistaat Bayern,09183,Mühldorf a.Inn,6634,170,7,427,50,35,710,1125,136,227,128,320,197,682,395,95,146,400,170,991,1,0,222,3417,1504,96,12,1605
239,239,09,Freistaat Bayern,09184,München,38341,204,11,1679,276,97,2439,5041,655,857,2058,3512,3569,7709,2454,142,586,1630,685,3920,0,0,804,18282,11806,708,138,7407
240,240,09,Freistaat Bayern,09185,Neuburg-Schrobenhausen,5364,191,9,352,31,14,543,956,110,192,79,259,141,469,319,70,126,323,174,846,0,0,157,2818,1219,82,10,1235
241,241,09,Freistaat Bayern,09186,Pfaffenhofen a.d.Ilm,7079,242,6,438,36,39,723,1242,154,231,184,351,198,704,443,94,171,376,207,1013,0,0,225,3728,1580,98,4,1669
242,242,09,Freistaat Bayern,09187,Rosenheim,18753,349,31,1131,80,67,1905,2945,352,863,485,982,581,2194,1136,163,405,1267,452,2673,0,0,684,9651,4383,250,22,4447
243,243,09,Freistaat Bayern,09188,Starnberg,13632,132,15,611,29,32,758,1768,167,408,609,818,677,2722,820,94,322,1045,305,1851,0,1,430,7250,3254,136,14,2978
244,244,09,Freistaat Bayern,09189,Traunstein,12286,233,15,702,93,49,1087,1869,176,880,202,615,329,1433,667,156,284,805,319,1962,0,0,403,6430,2778,140,27,2911
245,245,09,Freistaat Bayern,09190,Weilheim-Schongau,9306,209,11,503,38,28,826,1467,140,340,229,431,190,1064,578,118,272,723,285,1523,0,0,327,4913,1945,95,15,2338
246,246,09,Freistaat Bayern,09261,Landshut,4277,22,2,168,24,8,211,669,52,183,118,246,192,664,262,25,139,389,90,694,0,0,114,2103,999,77,8,1090
247,247,09,Freistaat Bayern,09262,Passau,4082,19,0,156,11,10,173,651,66,212,129,265,153,615,247,59,107,350,95,638,0,0,126,1983,971,99,9,1020
248,248,09,Freistaat Bayern,09263,Straubing,3204,45,7,182,8,10,170,590,63,136,70,196,127,397,190,26,95,259,76,462,0,0,94,1567,833,78,6,720
249,249,09,Freistaat Bayern,09271,Deggendorf,7314,170,14,438,73,56,626,1334,146,327,125,403,185,775,327,103,143,429,214,1200,0,0,225,3938,1671,131,13,1561
250,250,09,Freistaat Bayern,09272,Freyung-Grafenau,4911,130,6,316,31,40,450,843,97,432,70,219,73,364,244,102,118,293,130,793,0,0,159,2547,1128,69,4,1163
251,251,09,Freistaat Bayern,09273,Kelheim,6766,259,9,406,46,32,634,1177,158,336,80,371,148,617,369,86,162,420,199,1006,1,0,249,3606,1468,117,2,1573
252,252,09,Freistaat Bayern,09274,Landshut,8544,317,11,615,55,30,881,1527,168,293,164,439,222,957,475,96,178,453,185,1211,0,0,263,4503,2012,128,13,1888
253,253,09,Freistaat Bayern,09275,Passau,11557,301,39,757,70,84,1022,1989,199,771,146,602,278,1086,599,160,223,808,271,1809,0,0,341,6053,2754,205,6,2539
254,254,09,Freistaat Bayern,09276,Regen,5258,91,5,319,31,48,436,862,103,608,72,267,71,397,235,112,104,280,152,881,1,0,183,2956,1084,64,5,1149
255,255,09,Freistaat Bayern,09277,Rottal-Inn,7643,207,4,512,124,32,760,1354,121,288,102,429,186,877,369,125,156,468,173,1157,0,0,199,3884,1825,138,9,1787
256,256,09,Freistaat Bayern,09278,Straubing-Bogen,5531,304,7,371,78,21,543,920,127,279,79,295,106,518,252,83,138,270,137,812,0,0,186,3004,1200,60,7,1260
257,257,09,Freistaat Bayern,09279,Dingolfing-Landau,5018,226,11,306,137,20,408,869,105,195,53,266,102,496,276,63,108,279,148,792,0,0,157,2614,1179,62,3,1160
258,258,09,Freistaat Bayern,09361,Amberg,2609,18,0,166,7,10,145,457,47,101,38,149,77,374,139,36,66,241,62,408,0,0,68,1331,620,58,8,592
259,259,09,Freistaat Bayern,09362,Regensburg,10246,21,3,423,87,26,462,1528,181,447,317,590,409,1708,617,56,261,935,229,1675,0,0,269,4870,2646,227,38,2465
260,260,09,Freistaat Bayern,09363,Weiden i.d.OPf.,3184,18,3,173,16,5,174,551,55,115,54,247,133,440,167,37,83,299,70,446,0,0,97,1616,793,70,11,694
261,261,09,Freistaat Bayern,09371,Amberg-Sulzbach,5354,181,13,395,48,29,482,866,126,266,89,291,92,451,280,78,134,305,147,903,0,0,176,2871,1163,65,7,1248
262,262,09,Freistaat Bayern,09372,Cham,8168,267,4,579,58,38,801,1422,202,560,94,433,151,673,358,144,182,443,264,1225,0,0,269,4460,1778,159,10,1761
263,263,09,Freistaat Bayern,09373,Neumarkt i.d.OPf.,7647,222,13,488,68,26,728,1331,158,302,138,403,171,791,445,105,176,419,205,1197,1,1,256,3986,1749,147,17,1748
264,264,09,Freistaat Bayern,09374,Neustadt a.d.Waldnaab,5396,206,14,443,29,30,456,879,121,295,77,328,82,406,274,118,134,304,135,873,0,0,192,2829,1187,75,9,1296
265,265,09,Freistaat Bayern,09375,Regensburg,10025,359,12,607,49,39,858,1689,247,393,181,532,199,1105,552,166,244,585,292,1533,2,0,377,5317,2205,118,12,2373
266,266,09,Freistaat Bayern,09376,Schwandorf,8158,215,12,554,50,41,682,1420,185,430,113,468,152,734,474,121,200,498,222,1322,0,0,263,4274,1841,150,16,1877
267,267,09,Freistaat Bayern,09377,Tirschenreuth,4428,157,7,352,35,13,374,777,73,277,52,225,71,371,187,89,101,244,141,717,0,0,164,2395,960,69,6,998
268,268,09,Freistaat Bayern,09461,Bamberg,5321,37,1,237,23,7,206,817,100,299,127,339,211,713,300,48,166,523,142,862,0,0,161,2492,1290,129,12,1398
269,269,09,Freistaat Bayern,09462,Bayreuth,4661,19,2,213,48,11,223,700,59,202,113,309,174,641,267,48,129,440,110,807,0,0,146,2226,1175,104,21,1135
270,270,09,Freistaat Bayern,09463,Coburg,2737,18,0,157,8,13,111,442,30,140,51,167,83,366,169,26,98,288,57,427,0,0,85,1328,629,80,10,690
271,271,09,Freistaat Bayern,09464,Hof,2874,25,1,168,10,12,123,517,60,135,45,161,107,345,175,42,95,237,68,470,0,0,77,1388,693,91,10,692
272,272,09,Freistaat Bayern,09471,Bamberg,7471,165,12,575,36,27,715,1245,158,371,119,503,148,647,402,91,189,421,236,1186,2,0,220,3971,1645,90,3,1762
273,273,09,Freistaat Bayern,09472,Bayreuth,5990,205,10,397,36,27,534,975,145,442,84,297,81,454,288,101,139,305,166,1071,0,0,232,3190,1241,62,3,1494
274,274,09,Freistaat Bayern,09473,Coburg,4580,162,4,345,27,17,359,763,104,198,54,287,95,419,273,52,106,256,192,699,0,0,165,2368,1013,90,6,1103
275,275,09,Freistaat Bayern,09474,Forchheim,6519,165,4,424,37,19,505,1019,120,341,124,345,162,695,370,81,182,423,176,1069,0,0,252,3416,1437,66,4,1596
276,276,09,Freistaat Bayern,09475,Hof,5892,204,7,479,36,30,458,1010,110,347,75,289,106,494,323,85,139,363,196,938,1,0,202,3162,1242,108,12,1368
277,277,09,Freistaat Bayern,09476,Kronach,4209,76,4,403,13,25,273,744,87,241,44,229,57,351,182,61,90,256,179,750,0,0,143,2175,955,86,7,986
278,278,09,Freistaat Bayern,09477,Kulmbach,4534,103,5,327,41,15,354,716,86,196,82,290,97,455,219,64,129,300,138,770,0,0,145,2373,997,92,10,1062
279,279,09,Freistaat Bayern,09478,Lichtenfels,3949,88,2,305,45,9,264,684,53,255,42,257,80,370,207,66,95,269,129,619,1,0,108,2036,867,106,6,934
280,280,09,Freistaat Bayern,09479,Wunsiedel i.Fichtelgebirge,4729,83,8,404,23,36,271,831,78,234,56,217,77,416,291,73,135,297,160,866,0,0,173,2513,951,84,8,1173
281,281,09,Freistaat Bayern,09561,Ansbach,2460,23,3,98,7,4,110,412,32,123,48,132,62,261,155,41,78,241,69,480,0,0,81,1171,595,62,8,624
282,282,09,Freistaat Bayern,09562,Erlangen,6246,24,2,280,14,13,275,859,81,305,236,355,291,877,358,48,199,659,129,1052,0,0,189,2926,1561,143,14,1602
283,283,09,Freistaat Bayern,09563,Fürth,6444,26,2,344,22,19,378,1000,150,249,228,297,310,917,431,31,171,498,154,996,1,0,220,3258,1495,117,14,1560
284,284,09,Freistaat Bayern,09564,Nürnberg,29263,131,4,1396,69,57,1574,4636,724,1306,1050,1476,1126,4398,1842,151,657,2250,570,4897,1,2,940,14295,7340,637,112,6879
285,285,09,Freistaat Bayern,09565,Schwabach,2446,18,5,168,17,7,146,376,47,86,59,134,81,371,151,15,53,196,52,388,0,0,75,1246,543,65,3,589
286,286,09,Freistaat Bayern,09571,Ansbach,10216,325,7,728,132,35,968,1658,192,548,118,559,192,835,551,171,256,536,327,1765,0,0,311,5337,2348,166,11,2354
287,287,09,Freistaat Bayern,09572,Erlangen-Höchstadt,7133,109,2,437,33,25,493,1159,116,256,185,412,194,903,392,91,204,518,196,1157,0,0,249,3612,1633,105,12,1771
288,288,09,Freistaat Bayern,09573,Fürth,6098,87,3,374,20,23,552,982,114,236,160,306,171,666,360,52,140,362,190,1079,0,0,221,3213,1358,71,6,1450
289,289,09,Freistaat Bayern,09574,Nürnberger Land,10599,136,13,663,19,32,796,1714,182,426,245,553,345,1315,714,137,282,661,282,1722,1,0,359,5507,2383,137,36,2536
290,290,09,Freistaat Bayern,09575,Neustadt a.d.Aisch-Bad Windsheim,5937,269,1,456,71,23,493,937,104,282,87,314,104,549,328,94,144,370,159,966,0,0,185,3045,1317,89,7,1479
291,291,09,Freistaat Bayern,09576,Roth,7588,197,5,538,30,36,654,1281,177,318,154,383,172,816,469,95,188,393,217,1211,0,1,251,3906,1746,140,9,1787
292,292,09,Freistaat Bayern,09577,Weißenburg-Gunzenhausen,5688,176,15,387,73,19,445,900,116,359,85,307,107,511,328,84,149,350,196,897,0,0,184,2925,1296,84,4,1379
293,293,09,Freistaat Bayern,09661,Aschaffenburg,5430,16,3,234,5,26,270,899,126,247,153,272,242,800,357,47,147,428,137,863,0,0,155,2742,1285,128,16,1259
294,294,09,Freistaat Bayern,09662,Schweinfurt,3174,8,1,161,14,5,112,571,53,199,54,211,97,397,195,20,94,301,82,495,0,0,103,1502,776,87,12,797
295,295,09,Freistaat Bayern,09663,Würzburg,8937,25,2,372,20,17,337,1290,223,386,316,516,318,1369,522,70,264,895,198,1520,0,0,275,4259,2282,235,29,2132
296,296,09,Freistaat Bayern,09671,Aschaffenburg,10977,139,6,745,37,40,971,1968,251,463,222,545,293,1265,664,120,256,532,349,1790,1,1,316,5808,2437,167,16,2549
297,297,09,Freistaat Bayern,09672,Bad Kissingen,6002,152,3,363,20,30,507,958,126,340,65,345,107,570,302,112,180,490,222,966,0,0,143,3204,1318,113,3,1364
298,298,09,Freistaat Bayern,09673,Rhön-Grabfeld,4808,169,5,309,31,16,340,806,86,281,56,287,99,417,267,94,148,342,180,735,0,0,139,2590,990,84,8,1136
299,299,09,Freistaat Bayern,09674,Haßberge,4826,176,5,352,26,25,430,822,107,233,63,257,72,395,251,70,134,293,167,778,0,0,170,2526,1001,63,9,1227
300,300,09,Freistaat Bayern,09675,Kitzingen,5608,340,10,366,33,24,393,966,119,330,79,312,86,529,276,84,138,289,187,849,0,0,196,3008,1260,98,8,1234
301,301,09,Freistaat Bayern,09676,Miltenberg,8036,132,8,596,21,18,721,1451,168,428,149,415,202,798,481,111,195,441,244,1237,0,0,218,4252,1752,146,13,1873
302,302,09,Freistaat Bayern,09677,Main-Spessart,7618,198,6,546,43,28,630,1280,189,358,90,428,108,661,438,145,201,441,260,1304,0,0,261,3885,1691,119,6,1917
303,303,09,Freistaat Bayern,09678,Schweinfurt,5531,184,2,307,114,21,448,881,124,225,73,395,106,519,280,85,146,305,212,904,0,0,196,2982,1199,97,4,1249
304,304,09,Freistaat Bayern,09679,Würzburg,8863,300,17,502,54,33,718,1422,182,304,181,510,195,939,539,115,214,570,294,1465,0,0,307,4618,1929,127,10,2179
305,305,09,Freistaat Bayern,09761,Augsburg,14891,57,3,712,37,43,781,2322,225,628,490,742,574,2294,909,85,393,1260,406,2463,0,0,462,7230,3588,290,48,3735
306,306,09,Freistaat Bayern,09762,Kaufbeuren,2729,9,0,210,8,5,147,496,38,105,64,137,84,331,154,23,77,248,63,434,0,0,96,1394,626,37,4,668
307,307,09,Freistaat Bayern,09763,Kempten (Allgäu),4349,20,4,200,17,14,185,733,78,167,123,309,153,608,315,35,110,404,82,664,0,0,127,2091,1017,96,11,1134
308,308,09,Freistaat Bayern,09764,Memmingen,3028,19,2,170,15,8,158,611,46,105,37,199,105,379,192,26,66,269,76,457,0,0,86,1565,686,62,8,707
309,309,09,Freistaat Bayern,09771,Aichach-Friedberg,8101,228,13,540,52,30,832,1411,142,242,201,414,253,943,463,90,198,445,196,1134,0,0,271,4259,1861,110,8,1863
310,310,09,Freistaat Bayern,09772,Augsburg,13807,273,7,875,60,66,1244,2261,289,398,280,746,502,1628,824,156,342,827,356,2156,0,0,515,7158,3060,187,22,3380
311,311,09,Freistaat Bayern,09773,Dillingen a.d.Donau,5283,198,17,355,48,31,514,898,81,173,65,288,131,467,305,82,140,320,187,827,0,0,154,2737,1155,94,8,1289
312,312,09,Freistaat Bayern,09774,Günzburg,7519,186,8,536,55,32,688,1408,127,316,92,444,145,740,397,105,180,449,225,1161,0,0,222,4044,1617,130,22,1706
313,313,09,Freistaat Bayern,09775,Neu-Ulm,8764,119,4,548,41,26,603,1531,239,361,166,464,274,1027,553,124,238,623,285,1290,0,0,244,4616,1872,153,8,2115
314,314,09,Freistaat Bayern,09776,Lindau (Bodensee),5966,121,3,337,9,10,408,992,78,441,112,253,184,665,395,63,133,457,169,939,0,0,192,2971,1337,86,14,1558
315,315,09,Freistaat Bayern,09777,Ostallgäu,9524,268,9,614,76,43,775,1471,135,788,145,454,218,902,492,119,224,675,309,1456,0,0,345,4894,2078,126,8,2418
316,316,09,Freistaat Bayern,09778,Unterallgäu,9027,360,12,583,94,46,777,1563,150,394,132,491,252,918,483,137,203,556,277,1325,0,0,269,4684,2006,123,11,2203
317,317,09,Freistaat Bayern,09779,Donau-Ries,7964,277,7,515,85,36,607,1374,124,319,117,455,127,762,413,142,203,436,260,1453,0,0,250,3980,1761,140,21,2062
318,318,09,Freistaat Bayern,09780,Oberallgäu,11344,213,8,591,65,46,899,1635,171,1451,191,496,323,1009,638,143,244,753,330,1738,0,0,399,5897,2469,132,10,2836
319,319,10,Saarland,10041,Regionalverband Saarbrücken,18232,82,8,846,61,77,1117,2977,326,929,516,838,540,2316,1116,155,502,1678,544,3066,0,0,531,8801,4344,325,38,4724
320,320,10,Saarland,10042,Landkreis Merzig-Wadern,5317,124,11,277,23,20,489,815,108,323,75,235,101,540,301,77,123,458,192,855,0,0,170,2729,1135,73,7,1373
321,321,10,Saarland,10043,Landkreis Neunkirchen,6546,67,2,351,15,32,549,1078,116,316,97,317,122,613,371,98,158,600,260,1176,0,0,207,3465,1318,101,10,1652
322,322,10,Saarland,10044,Landkreis Saarlouis,10383,129,11,605,29,44,800,1764,182,559,175,546,225,1099,665,122,278,870,370,1607,0,0,301,5375,2169,156,19,2664
323,323,10,Saarland,10045,Saarpfalz-Kreis,7924,94,7,479,17,41,576,1391,142,397,145,413,224,890,425,116,214,645,286,1201,0,1,219,4017,1839,162,14,1892
324,324,10,Saarland,10046,Landkreis St. Wendel,4504,85,3,289,9,18,328,751,58,245,80,224,109,434,267,71,116,384,198,713,0,0,121,2270,976,66,5,1187
325,325,11,Berlin,11000,Berlin,206168,344,29,6833,481,528,12223,28999,3806,8179,11116,10914,13970,35408,11560,991,4779,15144,5360,30030,13,2,5383,106944,50282,2947,398,45597
326,326,12,Brandenburg,12051,Brandenburg an der Havel,3119,30,0,154,8,14,244,509,74,145,53,141,81,339,164,37,112,273,69,567,0,0,100,1549,666,62,4,838
327,327,12,Brandenburg,12052,Cottbus,5214,19,1,219,35,14,398,829,129,214,84,289,129,706,335,60,162,447,129,861,0,0,153,2846,1017,103,6,1242
328,328,12,Brandenburg,12053,Frankfurt (Oder),3236,26,0,121,12,13,234,545,113,101,63,130,96,307,168,50,75,256,90,747,0,0,88,1542,647,56,8,983
329,329,12,Brandenburg,12054,Potsdam,9413,39,5,294,65,28,550,1098,157,386,459,470,385,1499,641,95,305,780,274,1597,0,2,275,4819,2113,190,19,2272
330,330,12,Brandenburg,12060,Barnim,8950,173,5,407,54,38,970,1313,243,372,145,347,277,863,559,136,227,600,228,1703,0,0,288,4645,1874,102,9,2320
331,331,12,Brandenburg,12061,Dahme-Spreewald,9603,214,6,450,56,43,1036,1459,289,478,155,500,483,1128,555,150,247,596,194,1267,1,0,283,5184,2053,168,10,2188
332,332,12,Brandenburg,12062,Elbe-Elster,6192,198,9,411,26,20,688,1093,144,301,44,257,84,544,335,123,177,450,167,966,0,0,153,3505,1199,91,2,1395
333,333,12,Brandenburg,12063,Havelland,7469,204,4,372,24,31,815,1175,196,309,131,328,228,700,493,120,215,537,192,1134,0,0,257,3939,1566,91,7,1866
334,334,12,Brandenburg,12064,Märkisch-Oderland,10074,273,4,483,46,59,1142,1450,268,334,161,431,258,967,613,155,282,657,265,1916,2,0,302,5404,2143,114,8,2405
335,335,12,Brandenburg,12065,Oberhavel,9729,192,6,475,46,35,1117,1566,234,414,173,423,279,999,659,155,256,696,202,1513,0,1,283,5363,2042,118,8,2198
336,336,12,Brandenburg,12066,Oberspreewald-Lausitz,5487,106,6,344,32,28,527,907,122,345,57,209,88,542,302,122,156,432,141,872,0,0,145,2960,1041,100,6,1380
337,337,12,Brandenburg,12067,Oder-Spree,9517,212,7,457,54,47,950,1414,283,450,129,386,215,819,531,175,289,698,288,1821,0,0,286,5016,1940,134,9,2418
338,338,12,Brandenburg,12068,Ostprignitz-Ruppin,6036,275,3,321,41,30,587,913,111,347,56,212,134,741,333,125,152,458,135,903,1,0,153,3120,1172,79,5,1660
339,339,12,Brandenburg,12069,Potsdam-Mittelmark,11917,338,12,597,50,61,1355,1721,256,494,254,495,446,1365,780,179,309,759,276,1788,1,0,370,6486,2473,136,7,2815
340,340,12,Brandenburg,12070,Prignitz,4519,239,4,253,38,32,468,737,97,256,32,221,83,393,231,75,112,353,93,661,0,0,141,2492,903,73,6,1045
341,341,12,Brandenburg,12071,Spree-Neiße,6192,163,6,409,26,34,770,1009,158,400,64,275,105,469,334,140,165,423,164,897,0,0,179,3543,1150,83,2,1414
342,342,12,Brandenburg,12072,Teltow-Fläming,10075,211,3,497,81,47,1122,1511,315,376,165,519,728,1264,588,124,229,523,202,1312,0,0,247,5548,2253,145,10,2119
343,343,12,Brandenburg,12073,Uckermark,6595,270,7,306,147,30,518,970,152,338,82,256,98,478,345,132,168,521,198,1415,1,0,160,3381,1288,83,2,1841
344,344,13,Mecklenburg-Vorpommern,13003,"Rostock, Hansestadt",9091,26,3,344,45,30,526,1254,214,457,196,464,402,1175,566,117,251,894,241,1593,0,1,283,4601,1963,196,21,2310
345,345,13,Mecklenburg-Vorpommern,13004,"Schwerin, Landeshauptstadt",5199,11,1,205,39,17,382,758,120,209,105,272,175,706,255,73,152,477,126,943,0,0,170,2650,1096,107,13,1333
346,346,13,Mecklenburg-Vorpommern,13071,Mecklenburgische Seenplatte,14413,589,17,669,125,50,1237,2184,368,840,141,764,309,1264,841,282,421,1205,286,2362,1,0,439,7610,2935,240,11,3617
347,347,13,Mecklenburg-Vorpommern,13072,Landkreis Rostock,11683,411,6,571,254,39,1169,1782,247,669,122,548,351,1236,675,235,297,799,224,1715,4,0,323,6266,2501,160,10,2746
348,348,13,Mecklenburg-Vorpommern,13073,Vorpommern-Rügen,12868,377,6,509,118,53,1069,1788,276,1406,121,556,400,1044,838,251,346,918,304,2064,0,0,411,6912,2575,157,9,3215
349,349,13,Mecklenburg-Vorpommern,13074,Nordwestmecklenburg,7985,257,6,374,61,27,848,1081,225,447,87,348,234,893,422,161,233,574,165,1290,1,0,240,4136,1644,141,8,2056
350,350,13,Mecklenburg-Vorpommern,13075,Vorpommern-Greifswald,12235,360,10,507,82,50,1042,1799,264,917,105,580,319,1081,750,311,382,1085,279,1942,1,0,356,6438,2375,145,14,3263
351,351,13,Mecklenburg-Vorpommern,13076,Ludwigslust-Parchim,11701,503,10,653,124,47,1348,1797,393,527,121,518,216,988,642,288,288,766,276,1823,0,0,366,6158,2436,176,5,2926
352,352,14,Sachsen,14511,Chemnitz,13240,51,7,772,32,49,981,2091,254,409,285,625,455,1745,820,78,342,1033,350,2469,1,0,386,6562,2994,286,24,3374
353,353,14,Sachsen,14521,Erzgebirgskreis,20095,276,20,1865,53,79,2247,3576,545,983,205,779,337,1496,1205,378,508,1370,421,3203,0,0,543,11363,4021,297,12,4402
354,354,14,Sachsen,14522,Mittelsachsen,17053,434,17,1336,194,96,1880,2812,459,690,175,683,323,1352,1130,282,445,1214,373,2708,2,0,438,9335,3589,339,14,3776
355,355,14,Sachsen,14523,Vogtlandkreis,14288,232,11,1106,32,57,1562,2361,343,636,153,521,303,1325,1085,229,366,1049,302,2208,0,0,403,7760,2711,226,12,3579
356,356,14,Sachsen,14524,Zwickau,17323,208,15,1294,41,58,1852,2865,441,621,222,771,419,1460,1178,205,455,1339,368,2981,1,0,526,9455,3600,309,17,3942
357,357,14,Sachsen,14612,Dresden,27973,126,12,1350,107,95,1791,3946,471,1135,915,1305,1181,4304,1552,163,737,2077,702,5066,4,0,916,13742,6767,535,49,6880
358,358,14,Sachsen,14625,Bautzen,15908,324,24,1236,48,78,1750,2656,411,743,167,633,326,1432,881,274,454,1172,354,2526,3,0,409,8676,3441,300,5,3486
359,359,14,Sachsen,14626,Görlitz,13919,269,15,956,48,55,1380,2335,356,698,113,576,314,1075,798,296,388,1142,359,2385,1,0,356,7632,2829,196,8,3254
360,360,14,Sachsen,14627,Meißen,13077,345,16,944,79,59,1310,2144,370,607,161,481,321,1279,702,211,329,960,295,2026,2,0,427,7067,2933,227,15,2835
361,361,14,Sachsen,14628,Sächsische Schweiz-Osterzgebirge,13573,253,9,994,31,50,1526,2092,338,877,132,543,306,1299,720,220,359,987,272,2199,1,0,362,7287,2974,183,7,3122
362,362,14,Sachsen,14713,Leipzig,29535,97,13,1180,83,77,2030,3899,553,1008,972,1308,1660,4534,1746,132,739,2222,888,5229,4,2,1151,14121,7172,455,42,7745
363,363,14,Sachsen,14729,Leipzig,13584,281,16,846,69,51,1486,2219,389,508,175,576,369,1312,840,199,347,995,324,2153,1,0,420,7237,3076,175,9,3087
364,364,14,Sachsen,14730,Nordsachsen,10411,340,12,619,68,62,1106,1721,310,417,120,431,224,926,636,171,262,744,219,1667,4,0,346,5504,2338,176,11,2382
365,365,15,Sachsen-Anhalt,15001,Dessau-Roßlau,3810,34,0,203,17,21,291,672,100,168,46,176,89,400,249,47,112,376,117,611,0,0,79,2007,847,97,6,853
366,366,15,Sachsen-Anhalt,15002,Halle (Saale),9642,25,3,391,15,33,551,1351,179,372,232,417,360,1194,649,94,295,1012,267,1884,1,0,314,4816,1957,194,26,2649
367,367,15,Sachsen-Anhalt,15003,Magdeburg,11270,32,4,500,38,43,754,1618,215,436,248,553,435,1450,732,128,319,1062,294,2021,1,0,383,5426,2537,233,25,3049
368,368,15,Sachsen-Anhalt,15081,Altmarkkreis Salzwedel,4605,211,2,309,32,17,506,768,70,216,40,196,68,312,239,89,157,334,94,817,0,0,127,2396,969,65,1,1174
369,369,15,Sachsen-Anhalt,15082,Anhalt-Bitterfeld,7804,169,8,499,58,42,746,1334,220,339,71,326,164,790,438,164,209,597,153,1280,1,0,196,4061,1656,160,8,1919
370,370,15,Sachsen-Anhalt,15083,Börde,8497,320,11,567,41,56,921,1269,211,314,75,351,164,845,377,234,276,621,227,1365,0,0,250,4233,1779,148,9,2328
371,371,15,Sachsen-Anhalt,15084,Burgenlandkreis,8806,215,9,508,60,48,925,1412,206,476,80,403,211,717,555,183,272,695,195,1386,0,0,246,4726,1845,121,7,2107
372,372,15,Sachsen-Anhalt,15085,Harz,12097,238,10,753,30,53,1137,1862,265,849,118,458,234,1272,581,242,367,916,343,1999,1,0,364,6110,2385,204,10,3388
373,373,15,Sachsen-Anhalt,15086,Jerichower Land,5121,205,7,332,67,31,503,736,125,193,49,202,115,679,241,137,138,361,102,750,0,0,141,2615,1003,93,3,1407
374,374,15,Sachsen-Anhalt,15087,Mansfeld-Südharz,6781,149,10,401,40,36,704,1134,147,319,58,329,158,497,443,189,207,536,171,1092,0,0,155,3683,1323,84,3,1688
375,375,15,Sachsen-Anhalt,15088,Saalekreis,8561,184,10,571,47,66,941,1393,203,364,84,344,155,775,540,219,266,629,207,1330,0,0,227,4422,1934,181,13,2011
376,376,15,Sachsen-Anhalt,15089,Salzlandkreis,8999,179,9,577,73,46,869,1477,228,419,78,381,164,739,537,188,273,775,214,1490,0,0,278,4683,1869,175,9,2263
377,377,15,Sachsen-Anhalt,15090,Stendal,6321,263,2,337,64,34,670,948,118,266,55,265,142,562,312,150,219,485,119,1099,0,0,208,3214,1317,79,6,1705
378,378,15,Sachsen-Anhalt,15091,Wittenberg,6506,177,7,427,17,36,745,1066,161,316,53,277,126,514,396,140,188,495,150,1065,0,0,150,3425,1386,95,1,1599
379,379,16,Thüringen,16051,Erfurt,11001,62,3,449,41,32,690,1476,184,447,260,550,384,1561,770,123,287,963,266,2103,0,0,348,5163,2523,218,25,3072
380,380,16,Thüringen,16052,Gera,4796,26,2,230,11,20,417,723,73,172,79,240,132,583,305,45,105,426,133,896,0,0,177,2564,975,78,2,1177
381,381,16,Thüringen,16053,Jena,5376,12,2,266,14,17,257,698,71,229,150,257,184,708,293,56,172,580,125,1116,0,0,167,2593,1157,125,8,1493
382,382,16,Thüringen,16054,Suhl,2122,10,1,123,2,4,153,325,45,79,28,134,57,261,125,23,66,202,49,369,0,0,65,1190,383,45,2,502
383,383,16,Thüringen,16055,Weimar,3814,16,0,175,15,5,292,462,55,202,87,140,115,573,220,25,127,345,118,706,0,0,136,1899,782,61,5,1067
384,384,16,Thüringen,16056,Eisenach,2302,18,2,130,6,9,145,397,58,130,23,97,64,232,167,19,57,231,47,394,0,0,76,1210,481,52,6,553
385,385,16,Thüringen,16061,Eichsfeld,5933,121,6,507,15,22,797,906,144,217,48,252,96,527,320,150,164,389,128,976,0,0,148,3036,1293,100,4,1500
386,386,16,Thüringen,16062,Nordhausen,4239,79,12,224,18,29,372,707,89,213,36,179,79,331,271,104,132,394,105,728,0,0,136,2231,790,77,5,1136
387,387,16,Thüringen,16063,Wartburgkreis,6553,117,4,513,10,29,663,1112,219,346,55,278,108,549,370,151,183,448,154,1042,0,0,198,3634,1205,125,7,1582
388,388,16,Thüringen,16064,Unstrut-Hainich-Kreis,5519,131,2,361,41,29,591,832,133,265,46,252,131,442,312,112,170,464,112,918,0,0,174,2935,1219,108,6,1251
389,389,16,Thüringen,16065,Kyffhäuserkreis,3748,131,6,277,21,22,329,626,86,191,24,149,43,275,231,96,121,300,104,615,0,0,100,2053,688,37,2,968
390,390,16,Thüringen,16066,Schmalkalden-Meiningen,7754,119,6,712,30,22,850,1289,212,406,82,319,136,641,386,166,185,531,175,1264,1,0,217,4385,1529,134,3,1703
391,391,16,Thüringen,16067,Gotha,7037,108,7,475,35,36,707,1124,174,362,66,314,138,538,423,131,200,525,147,1311,1,0,213,3778,1443,123,5,1688
392,392,16,Thüringen,16068,Sömmerda,3472,101,5,239,29,15,378,605,87,126,36,161,47,252,177,102,95,231,63,626,1,0,96,1852,757,59,2,802
393,393,16,Thüringen,16069,Hildburghausen,3619,92,2,276,66,21,386,586,103,193,30,164,46,249,210,87,99,254,94,583,0,0,77,2015,637,65,0,902
394,394,16,Thüringen,16070,Ilm-Kreis,6076,79,6,521,18,24,562,971,137,322,100,242,116,513,363,119,150,404,133,1132,0,0,163,3286,1234,105,5,1446
395,395,16,Thüringen,16071,Weimarer Land,4359,115,1,265,17,28,524,699,111,236,43,178,72,361,286,91,115,270,103,706,0,0,137,2306,905,59,3,1086
396,396,16,Thüringen,16072,Sonneberg,3327,36,1,334,9,15,310,511,67,181,36,151,48,242,189,54,85,255,81,603,0,0,118,1837,620,63,2,805
397,397,16,Thüringen,16073,Saalfeld-Rudolstadt,6028,112,7,404,15,27,660,944,126,387,61,292,124,472,355,133,159,452,132,1017,0,0,149,3368,1174,104,3,1379
398,398,16,Thüringen,16074,Saale-Holzland-Kreis,4662,89,4,323,22,13,554,812,118,212,40,229,109,364,245,129,118,289,101,779,0,0,111,2543,990,86,5,1038
399,399,16,Thüringen,16075,Saale-Orla-Kreis,5052,120,6,390,10,24,600,841,115,279,33,211,90,354,260,134,125,328,129,866,0,0,135,2870,997,84,5,1096
400,400,16,Thüringen,16076,Greiz,6110,156,3,463,29,22,794,966,166,287,60,257,88,502,314,128,153,409,139,978,1,0,194,3482,1239,101,3,1285
401,401,16,Thüringen,16077,Altenburger Land,4384,96,11,255,18,26,458,719,139,202,43,171,90,383,241,113,128,335,119,715,1,0,120,2457,884,83,7,953
