,2021-05-31_0,2021-05-31_1,2021-05-31_2,2021-02-28_0,2021-02-28_1,2021-02-28_2,9/30/2020_0,9/30/2020_1,9/30/2020_2
01001,9.104045287375673,8.927351180110966,8.817408733321658,9.615231399043696,9.589322964790275,9.761608459495104,9.38449974045317,9.592716914047182,9.844240589509386
01004,9.318700159225576,9.267051421830235,9.298818752024165,9.522312007534907,9.33546688297842,9.543307677858936,9.10845679419222,9.378502614770362,9.913471788311254
01051,6.221202535820329,6.058977748845178,5.870171544230512,6.927444354788751,6.734644940518591,6.510923092598168,5.931314077465203,6.539132938589843,6.8258348624561584
01053,5.544228235897125,5.49459058015298,5.537900485385126,5.79777117634005,5.764263107027923,5.878030004236591,5.708059781485249,5.928285892300581,6.208522774163149
01054,5.38419724502459,5.172881617599089,4.897772029230738,6.2620392549663535,5.741043380340763,5.340754684804372,4.836598994944384,5.8942668790392485,6.219099355476404
01055,5.44949494808856,5.306856039954143,5.063985661612039,6.321973134125162,5.90018493003002,5.435677527957932,5.036515920241431,6.015113500347458,6.328063150835439
01056,5.560201970753785,5.582938606526209,5.640336046679622,5.865294184458559,5.831784698087178,5.90531518300635,5.592640155296287,5.900021799876654,6.156957214020666
01057,4.459998832715967,4.385606620507453,4.369280742923594,5.13985362593758,5.076438753775893,5.071112689352696,4.930124883076786,5.235044270629752,5.5420254052104365
01058,4.497806231425587,4.46372117690169,4.472668174105308,4.842887408412573,4.709692214376309,4.735542568708897,4.651475968680974,4.846774486945542,5.20696853332808
01059,5.453484827536241,5.351265230343716,5.383687515358763,5.850321087256743,5.680318560896616,5.677364064479814,5.690576334659297,6.167027214380796,6.596508877119831
01060,5.050555159354499,5.036650011386491,5.090769848141179,5.256508422791557,5.231211488765953,5.335349110643494,5.219662985447058,5.483777815273782,5.7513782830776545
01061,6.188790431569159,6.12716801061269,6.1212117535452695,6.360764922740935,6.327019010186468,6.4400741158897015,6.082160583258832,6.357434250699183,6.868919521130582
01062,3.878732472711264,3.892101409492976,3.904687768161557,4.136242772655771,4.143033762798183,4.2280936994986,4.08671160857736,4.28624797946921,4.469948006935378
03102,9.727492955831073,9.76264495604021,9.667876342713736,10.148112531934776,10.18949110972394,10.400203250637237,10.73486747202418,11.24468883012776,11.609282633562737
03103,5.575186718530056,5.526667508151161,5.516252487739224,5.632380162363144,5.609487916917775,5.751999220606296,5.659865284245201,5.956217897594595,6.080629619757373
03151,4.6806338059147885,4.635624188193486,4.632190978545067,4.778334615640878,4.7033700490594645,4.72926557550057,4.971754273577761,5.174141232119487,5.33208815536092
03153,7.209540140392365,7.109748946350709,6.933355446104441,7.470231753815121,7.319111946053354,7.476387736666411,7.348500232116284,7.700263905183155,8.00449702973345
03154,6.499369187844551,6.446709735216321,6.369415460867238,6.773757090086654,6.705672106954966,6.835741520629459,6.61164504403138,6.825669734361553,7.092703238158794
03155,5.780196745324592,5.6328325564771085,5.553418489418255,5.9658908683880245,5.852396433456683,5.91973594574333,5.903515592254584,6.204132165251305,6.38488772591323
03157,5.481507649463337,5.364150889567549,5.355970718149877,5.696737447403491,5.6760577778523045,5.731956637966993,5.60045324728529,5.869894221285102,6.229659398218732
03158,4.922615053606747,4.930584932044562,4.928872449150861,5.35646681024599,5.300383227487965,5.375625975391321,5.5363816238271095,5.933620879673248,6.294763453053065
03159,6.073226338574718,5.997157872094021,6.013707364855663,6.325019760638158,6.331865741043882,6.470675366786598,6.691351653923024,6.953180178167726,7.1928342161789045
03251,4.58619348603461,4.563625073728523,4.610729339808888,4.770474515807903,4.6506011228491495,4.765136563192398,4.90902813525458,5.060435749527005,5.214949186296042
03252,7.146672362480368,7.046041718817374,6.926454348535485,7.2358797416975635,7.041613786596923,7.076999553905309,7.109609615631418,7.425793316146485,7.635359074266047
03254,6.65447774972437,6.598243583942807,6.646386087778192,6.715920130651969,6.6245967711413,6.765851310775987,7.034533410923789,7.223606440791992,7.483813384249194
03255,6.703008670617554,6.623820944589453,6.601589602692628,6.745292243549737,6.5844714771857165,6.57092847958925,6.757934368906268,6.994695287830094,7.142544949909832
03256,5.266525445200565,5.203527308193473,5.286271632742372,5.618889727665254,5.418329985210923,5.480730264305526,5.604263164413152,5.923723666985877,6.011419883136854
03257,5.71173295128329,5.774456799511045,5.8380340479502,6.090772268068763,5.934847106697184,6.002766779255791,6.120410006800104,6.4916186892708145,6.902945882021403
03351,6.403791766720839,6.322246956263536,6.3605882463158245,6.804323977500459,6.648989479893951,6.71079884942815,6.852893636863271,7.274193423839813,7.708274767945356
03352,6.158934186708844,6.149237737827972,6.099232441725028,6.371197364261264,6.252633155740141,6.207519842345546,6.150899927019044,6.51823785921169,6.7499667310778255
03353,4.629257891720086,4.625393405997396,4.644522696767533,4.851649194787104,4.789173406101217,4.8726995600816565,4.7106354250468865,4.877765888728125,5.0550617388917845
03354,7.565680156113163,7.534499214250223,7.543561704185193,8.036049912555493,7.771141263041878,7.636581188717161,8.146075293298932,8.432026730990623,8.674303735203148
03355,6.338208395997677,6.329831221610791,6.22995114593541,6.393605623249814,6.346298410619377,6.46080957363454,6.608668228532265,6.778065991199521,7.0048552101724395
03356,3.516797959788101,3.5627482487556965,3.579095274233822,3.828677758338338,3.806926133334111,3.8318302546258174,4.038649991649954,4.313988778219042,4.432063768523296
03357,3.9466286531402335,3.974744253863338,3.9896085090064175,4.281444646940476,4.194358604413521,4.227441514941376,4.114302847699162,4.354113399438533,4.59532553293409
03358,6.125601415039698,6.05770596048305,5.93688148101334,6.4354068103793,6.187590249579161,6.132826753443915,6.297426127080299,6.819111049669855,6.9179958218898605
03359,6.336738214972804,6.315272433744688,6.338712406526565,6.548912155725315,6.426231828743603,6.518145105293594,6.2654231013291115,6.379614996516735,6.538633640674846
03360,5.444631049030839,5.372312534799077,5.387649793031809,5.838661882573031,5.611763062957256,5.668074338598474,5.775183353955306,6.054712437759974,6.400832245755194
03361,3.806203956078748,3.753257400026909,3.743133436157815,3.96455989309409,3.909947928146769,3.998668786934859,4.458259132288601,4.621328536819292,4.848101621781933
03401,10.738067366722431,10.752745863588263,10.766013179738678,11.008570940887326,10.795694592704304,11.008807218644932,10.96839488952324,11.179971569005517,11.681359398821126
03402,8.818351175897671,8.775111384240024,8.686503504994484,9.105829031906234,9.02589699231937,9.274934076046714,9.458498500916761,9.807662747868132,9.881324830630035
03403,7.015092554322416,6.933742825257157,7.042094285462519,7.356951143306341,7.287403437591698,7.453828436276431,7.658779135792954,7.929155379362037,8.292070467405413
03404,7.462303393689222,7.345455889673276,7.331122777444016,7.517413248327188,7.532117689964033,7.728337307514342,8.04088791599375,8.309871974222643,8.643217368888191
03405,11.77593800845749,11.765924825364923,11.738422892844628,12.147010213461575,12.215279908528675,12.583135004481106,13.069857004133254,13.559761918812342,14.232428374827226
03451,4.221077186303844,4.219238678879772,4.195565864136501,4.757222471333359,4.343335651696115,4.222640638043199,4.2571453787446245,4.641297085217904,4.855052114359095
03452,6.8977478750903645,6.875106432277665,6.712709758554364,7.95194493453489,7.442343932159568,7.1905150702036815,6.953165146917213,7.710743698014466,7.8406045568443625
03453,4.675298703073656,4.573262552919493,4.5519643779988375,4.860602633456853,4.599192531187198,4.571474393262871,4.763291097516227,5.244201968863929,5.456912783108667
03454,3.0605767725268205,2.955985837363582,2.957782083396053,3.392746003766941,3.2327278060368565,3.3141711570053625,3.60714522386188,3.8821815071944683,4.003164279423747
03455,4.676014098167493,4.589308761386827,4.468991097945343,5.165334119315806,4.925328793484987,4.815976984624999,4.8366031576811555,5.410609776457287,5.645218974152087
03456,3.0569662676716023,3.078196611476275,2.993346143694517,3.064851675710725,3.0280329357247173,3.087892830176763,3.4993892707583556,3.7883892782838533,4.067076296785366
03457,5.970664921471667,5.870646311440504,5.763622762357599,6.512292827901504,6.279139154447064,6.180584199711494,6.535878982421957,7.164313826889107,7.4391040648225095
03458,3.619451002707901,3.6175953030128647,3.623391708106185,4.173119367530078,4.056578055401608,4.083438519557452,4.236164850824609,4.367095918190381,4.555116606777321
03459,3.5209694634104816,3.464142861717741,3.4894327835459444,3.6347295442932186,3.591681230600227,3.711895226022941,3.9886263906475934,4.203592486875831,4.310931240919037
03460,4.113320588366796,4.089503166507675,4.154338628970518,4.454275610601512,4.318314483807583,4.45084843535686,4.542929504402073,4.831572728569909,5.049840494919416
03461,6.582714600867721,6.56176269279741,6.604541577429853,6.894706913302072,6.773024445743046,6.846467079877247,7.148794928550123,7.661513289749845,8.031358283443456
03462,6.2677230562398405,6.030255385727157,5.70162765170273,7.70065195573325,6.959702583122599,6.0815768276898,5.2967625526671025,7.131397374045155,7.4926814383218066
04012,13.622792682955907,13.717425899860569,13.696072914121745,13.793291311466144,13.906069308936242,14.261674018019638,14.742820881361766,15.510488916066352,16.128050156616222
05117,8.98091391661332,8.987116426609514,8.977011045820305,9.034161522804837,9.007489500265535,9.146872622621087,9.08359368148443,9.341072866065018,9.587726298395477
05120,8.127467284391583,8.04940695116081,7.906382764536102,8.118467767280606,8.104239553579168,8.243295907557943,8.522038055428482,8.931495505833096,9.088674689764128
05122,8.036645469203037,8.013345022397544,8.007180235692921,8.410783888663126,8.465701147993194,8.593874411106167,9.254133465242711,9.722617725414391,9.999508976024266
05154,5.449190202232385,5.424566623803012,5.438080664766575,5.916907009550328,5.888304799900076,5.952029495620584,5.767386933885617,5.924194002615682,6.129119414089335
05166,6.091370338136608,6.022293728179991,6.07516936437741,6.51559404711951,6.483742341660383,6.594379819886623,6.465608059473985,6.666883164119646,6.959705279059591
05316,8.097704621723572,8.124427620602134,8.211843684421273,8.673862377873528,8.622707802176889,8.869916618124073,8.684925421908208,8.910603826300884,9.171316730738349
05358,7.177598928467051,7.145524058923324,7.147872493772775,7.522031731828127,7.485635487506868,7.700081793843571,7.921332667692996,8.072502879745088,8.202539360364849
05366,6.148648470806354,6.112840371325105,6.081444144223645,6.196739810658842,6.15149134305613,6.24500777679351,6.3265904881859765,6.494944244746235,6.827723748823641
05370,5.805761548451656,5.749609376235849,5.647170843248737,6.0270111701545375,6.043885790546945,6.190947412087746,6.235714798220731,6.492332733802599,6.578315386497966
05374,5.807682549790666,5.755458077798828,5.681072822259466,6.213239539136263,6.130084764749084,6.259204122985665,6.610368799691752,6.8322030419957365,6.8071029370493195
05378,6.308657991867868,6.301754821668946,6.333789803199123,6.478473159622121,6.471865284728598,6.579928777117797,6.546792117059816,6.688956864242845,6.978268971216358
05512,8.429565849300369,8.366993462215143,8.39676072584765,8.926662338251202,8.78922261023836,8.910861294604768,8.67143967358619,8.918127181747169,9.218387371764518
05558,3.032043649256785,3.011979574785626,3.0407823795411244,3.2611863911974384,3.1967337690419373,3.269600368292194,3.444832231053605,3.5509653119727194,3.5987421609611956
05570,4.8227950066113205,4.748056638184052,4.746527718864188,5.269678985109887,5.248555779588779,5.344752733396135,5.544572460800881,5.853284576710741,6.04995927471584
05758,5.784450078511343,5.725910656289279,5.698311913385842,6.144235413871682,6.132963492790604,6.245989632369384,6.3179327929696125,6.529523936208443,6.617667220335693
05762,4.157533860361967,4.093157167559647,4.000557766075057,4.499147985227296,4.455580524273876,4.523644287654968,4.49755889476072,4.820641343910063,5.029457983510891
05766,6.1390920570444685,6.042706915475374,6.015929358582222,6.544690006262501,6.483564657488676,6.572078781836868,6.990447975865755,7.230306207406765,7.2694846217973
05770,5.46213604905204,5.448637258715967,5.452190937511401,6.094819362730113,6.095146860830116,6.225440668106709,6.184234800168583,6.49506631665442,6.497815525897255
05774,5.65504151712861,5.551408629811401,5.583030820547748,5.91955664705673,5.9245463108012455,6.08623924872993,6.277624809066877,6.52557152985926,6.713610525010208
05914,12.19356687065783,12.153790149285811,12.038812902312776,12.202043694256565,12.23316708650202,12.418542166572344,12.653344065841395,12.895350116992844,13.073335600909385
05915,8.798170376666802,8.82902668663026,8.882900859966956,9.396654080504218,9.35504861977949,9.589565700577465,9.827765689804489,10.050719664698022,10.324558662311501
05958,4.41437712218019,4.31291144527478,4.256334464984838,4.87374042038422,4.824527769286128,4.8917182356243645,4.924021639839347,5.223728711852781,5.284122718550649
05966,4.140980441240528,4.116737510262864,4.039858166104142,4.552544700412229,4.548551545079597,4.6355984653183055,4.961781327575078,5.26925238481654,5.254343402981665
05970,5.823356907021361,5.746700628010633,5.633667151146791,5.982138694162904,6.034414110830113,6.172699286601239,6.238798272776128,6.449457734948761,6.6069454481055825
05974,5.681192397911979,5.671142868440586,5.596779320653101,6.041452745445791,5.992702704640684,6.09686242564664,6.254360689777272,6.586741111443695,6.8119917104970495
06431,4.037875959656852,4.077532360731568,4.084677527827096,4.510303093521362,4.435193452081459,4.5393732081366345,4.6128026300075735,4.773517486622736,4.876494254470242
06432,4.921027955614953,4.953834106489026,4.956902943232056,5.149831138402542,5.102806786738757,5.240580901411054,5.668230589900774,5.735962204896587,5.895088404837691
06434,4.822868962062639,4.841450139887235,4.893764881193758,5.045868660508199,4.990722515613866,5.1704861770785975,5.285779190913825,5.344206094682622,5.4540029051989745
06436,4.598431754864616,4.648993417538625,4.651038588487457,4.942375657456847,4.974183715582647,5.074873812387026,4.962109895676321,5.0705774639090855,5.204867013863726
06437,4.58434210302581,4.629125349679075,4.663925648276313,5.065878897185508,5.030542380044669,5.094297227705763,5.441166540394097,5.627612282077573,5.4964881216462524
06439,4.669749331184094,4.654481110432009,4.617896584386701,5.062260931535198,4.9803294008230745,5.060417604507575,5.028180787147938,5.250079902358033,5.488629595742123
06440,4.630483808319442,4.636129953427624,4.664758759755736,4.836826367159052,4.7296176812268085,4.893135887535982,4.947099428456229,5.123549434141396,5.336178539067087
06531,5.903429629323594,5.908062458281803,5.888823393096235,5.970409829307,5.873811512758292,5.98334143626082,6.323538129765446,6.466102267721789,6.682173977321273
06532,5.370022553696756,5.401359290814035,5.3862565704843055,5.871201063093859,5.876483795033699,6.016813095450924,6.101539443382783,6.3956669594386195,6.563127823089832
06533,4.85098034881476,4.875713788549091,4.87677445251458,5.385501430292695,5.258791259355296,5.320209459100154,4.94183273861346,5.263810191509054,5.5827067153295244
06534,4.165771214999928,4.138972558643452,4.110378722553356,4.584366873765916,4.5817453966828845,4.691318233006486,4.63116185311379,4.828022999819178,4.817882095260311
06535,3.713968977219582,3.667912542757477,3.628696572718708,4.094901073171138,4.017948145162738,4.042175420204211,4.0833889710074756,4.464358003545748,4.576729501634333
06631,3.2926489815781483,3.298834229038242,3.311727031035592,3.722193754891131,3.6220973326966535,3.672478025583667,3.7927954614137676,4.043196291806377,4.1207229870389295
06632,3.9557883001913656,3.973081405366489,3.9504284795022913,4.33826091038712,4.235130409082289,4.251612628488575,4.4007580191811275,4.649699635470486,4.756135730681181
06633,4.206647552574499,4.203194465362003,4.179189871824359,4.497492898885573,4.457816939373072,4.507652808002221,4.677946986889884,5.042210698528762,5.0935198086460085
06634,4.048415831202039,3.991489296348015,3.883416198630921,4.270043201037875,4.159959223844214,4.273507996805482,4.273281538153626,4.64155322033154,4.87844630787206
06635,3.921467437840881,3.886953691468877,3.815262586165085,4.559980303364446,4.454192144774783,4.5307743950461,4.39410735682592,4.711685667192085,4.678994257041729
06636,5.739486581572235,5.72883870052339,5.611392619269691,6.119409748341527,5.892663173748376,6.045180142748403,6.041651167630182,6.378854419936512,6.589973626174224
07111,6.718666432272248,6.630449576750916,6.637477192849532,7.196043666403813,7.210619227966346,7.238237354306968,7.237853738822405,7.754405229319146,7.971843051798779
07131,4.35566867700106,4.333421080231399,4.315315954855663,4.816903800905305,4.749358802945743,4.744546160916356,4.3452287314072064,4.740947110110827,4.891606632954849
07132,5.500363223955139,5.432081553385808,5.390887152275563,5.5310920635048575,5.472399428404623,5.613332890697213,5.964946680503216,6.287242458081784,6.296858194661023
07133,6.562402834809891,6.591441364467717,6.548001784275496,6.864288928703408,6.772666358086834,6.931533693529873,7.03328835920301,7.181208621390067,7.3719952563409095
07134,6.240807930242337,6.299123124007309,6.322260909906146,6.751139791016395,6.649603494485131,6.699374290767288,7.0036376560642974,7.308799868896906,7.238598706717745
07135,4.307255942812988,4.207622242934632,4.017053731737271,5.1701443226038055,4.871109037303705,4.457658649096088,3.625906895791143,4.662756723120038,4.712962311772335
07137,3.707394509396975,3.681667427185724,3.642096327776312,4.028217746291059,3.910415225782871,3.922831285273727,3.8644601197771147,4.141149229892157,4.470586910392199
07138,5.586636029408528,5.533933555364987,5.488006384534557,5.912761515772949,5.8499196937740825,5.952775748263666,6.13109379981235,6.400450297592779,6.57904415819019
07140,4.172248353464455,4.132523537784876,4.056419768217161,4.659455237404105,4.468839375404398,4.522785581693631,4.369255384840843,4.5760441754475965,4.593031378109189
07141,3.774476752444024,3.76162099046439,3.693691010566739,4.128066105874294,3.9785706612098735,4.107228627448984,4.160161437538838,4.602683425911864,4.878747448369375
07143,3.408065642874838,3.3668147198420137,3.2872693087715104,3.709147770344954,3.613233120517004,3.801226382138408,4.193760403830888,4.489445760810079,4.5268184830391816
07211,6.482246351113311,6.494539477744647,6.441663280640742,6.7277562587288005,6.668557985160271,6.9913316881477305,7.207338865981731,7.524128941098526,7.620473462014751
07231,3.693813901382289,3.649603765808269,3.469995936643193,4.129209470221253,3.936116801841444,3.792967237685221,3.78123669880243,4.382267292259337,4.434712601445307
07232,3.084809738398285,3.0420017219540183,3.0725214130238085,3.4328248081393893,3.243022054215314,3.272193469894124,3.4655042372728126,3.8025482638354458,3.9506569460148566
07233,3.666700637197645,3.699577148766648,3.714398583173996,4.289018345954458,4.24306933162602,4.220326730778962,4.239640480183473,4.6763388802131765,4.774667838197053
07235,3.164360256866749,3.148481074433583,3.1707219718900315,3.26647688350296,3.2283296551051914,3.2651518020403687,3.4566975806277,3.6949222886860102,3.8464044347908617
07311,8.80376521487828,8.792518498437236,8.749159724938648,8.85800484741005,8.790484679758162,9.020768425623473,9.01180554257673,9.304905858065187,9.487567609865986
07312,9.38540475202918,9.48160851289869,9.520499626636978,9.682867466068624,9.627277648644691,9.83961727936572,9.923909316754653,10.247621149057256,10.678133105073488
07313,5.778388116999265,5.771651932229277,5.777116503344192,6.071530573770194,5.987369666512133,6.0979268552030295,6.5543780914724445,6.90778971363204,7.0825686204531655
07316,6.367866324442649,6.427100620199502,6.37489830944633,6.471531017429356,6.393535970386739,6.538182637334101,6.631141152925902,6.84186686915304,7.0687678322720044
07317,11.929655964271014,11.834358906671666,11.573872713487305,12.063472638215712,11.937671757814083,12.107593825767598,12.15313299187757,12.610121056203315,13.237949279796833
07318,6.962622080371761,6.9475422318080655,6.975040305145816,6.962800452903069,6.914151078969035,7.058335881114634,7.051133330594709,7.234971172418781,7.237289761677284
07319,8.682179936299624,8.652004863562336,8.562716879656076,9.129626437691886,9.122545377041,9.48169622287938,9.043181530290568,9.62456355063175,9.938489454332032
07320,6.5696039951422,6.541772680484585,6.565964595363881,7.275190197476571,7.074687684530762,7.1980950619138655,7.164541389123077,7.226695752522241,7.551431883231903
07331,4.730269024151873,4.740255961097314,4.69316793327926,4.914831994874785,4.864214266882287,5.020724489611465,4.973727510578183,5.184966509410655,5.337027132595417
07332,4.479284139879182,4.498010264971916,4.47837678355452,4.745455479757109,4.648253449072383,4.721569810169994,4.600908844542005,4.861354217667412,5.090813036992178
07333,5.984922127268511,5.90156422410063,5.881086582831594,6.366411707634121,6.363481961023952,6.477762893224771,6.129032022725293,6.467859275781191,6.443365061041289
07334,4.381038180993932,4.355394656176075,4.318680116757949,4.965959565663916,4.916635962646859,5.015305115640471,4.879576454357448,5.086030802604551,5.212611287900301
07335,5.520003882767232,5.572472550111359,5.64979614564993,5.668072164993848,5.570391097303879,5.683340079971035,6.013605855422701,6.2007580536251,6.25994892989464
07336,4.637318859075052,4.613779695536039,4.6751488471720215,5.008610868314379,4.941564430026947,4.992141682895241,5.262768055279879,5.46259615832773,5.4792445875520785
07337,4.531897363349514,4.537199210407562,4.518689648571525,4.734815073343774,4.6828823304580265,4.780277711103175,4.76355543946648,5.04352786656795,5.200610997000361
07338,4.554208960491862,4.582308439674284,4.5812075477320295,4.636249065405803,4.600371924278788,4.671998644404478,4.563489663196821,4.693605268697761,4.764847337284273
07339,4.346663709341849,4.318157331620428,4.333897448996416,4.541389816709374,4.50228045025192,4.627419641770145,4.708055523599117,4.796266619986688,4.901098932566459
07340,4.075396037656097,4.040072736001871,3.986326442506123,4.423451560308784,4.283962016825767,4.326738042125784,4.402897482397925,4.531166585824359,4.679841298455174
08117,4.81723325971869,4.740217837396085,4.603760572500429,5.106366660459479,5.18713620793741,5.347631334353848,5.534683759136769,5.807338358776422,5.846169651425443
08121,6.117367492921746,6.039482589816419,5.948633028831843,6.436083617030046,6.428417164047426,6.603330092340887,6.788192952335007,7.119278006977957,7.155707640438892
08125,3.727604232306712,3.685971690645796,3.6571207548885214,3.937393560546926,3.9149973640092135,4.01184944410432,4.278915959916077,4.387195137281589,4.385634759762107
08126,3.1178198843626794,3.111392973841243,3.0378161428440578,3.5439215478278303,3.5317189093164787,3.605532009688304,3.7745819565265113,3.8994787135879374,3.8135655267597626
08127,3.405990992737145,3.3669415862831005,3.258096237006075,3.699228295772019,3.647063744240062,3.719959113454025,3.7233092820350087,3.825375961876838,3.826754966156174
08128,3.6342160662493934,3.5825990521561994,3.4529823493021365,3.960278966228884,3.910044231203679,3.956833446224673,4.038215346635509,4.254369905759476,4.156276427476626
08135,4.577272557082613,4.51500924119688,4.4490075746054085,5.340933671315605,5.357857148651188,5.47569516028618,5.324785492969761,5.607410867452826,5.697425511404131
08136,3.517944037038533,3.4866029415975066,3.4735978621941963,3.966066536127761,3.970768387155212,4.032755236957571,4.294137339762171,4.423040545703874,4.394061186461227
08211,5.827536168708013,5.699246096674458,5.493414918355029,6.496459605286674,6.39003932403224,6.592276234461418,6.332286558243851,6.7277741879878885,7.058905086396424
08216,3.902090660452211,3.862858830117874,3.781246272162679,4.237646269483403,4.156653114388805,4.195457516700784,4.1584722122378475,4.423242402103074,4.469458871328686
08225,3.9262813668372414,3.8740948485036513,3.752236215490429,4.165652347661703,4.081362107453577,4.083665105007978,4.246387007241532,4.451084375569918,4.500112458413651
08231,7.384989504787488,7.372136264957691,7.202310727024095,7.679785033602725,7.676531112112633,7.802133915719367,8.127248430974605,8.450434211484854,8.225191276223061
08235,3.895777302377936,3.811123189238213,3.6804969837050745,4.123603365905142,4.102901291450283,4.234782799663807,4.335541457376008,4.544868361593945,4.482834257676395
08236,3.4964949967715264,3.441743232396894,3.3891864021202425,3.714824978640259,3.700675698394853,3.8472887075379374,4.087717619932653,4.167477308476449,4.186048873758322
08237,3.6704172778561945,3.649511240788677,3.604082106369752,4.134430057095887,4.053157308008642,4.12162577753539,4.442800860921265,4.628418153271868,4.560029755076691
08315,3.3161509235395554,3.278944698976507,3.195154442645168,3.641821682299892,3.590932087131482,3.692692928540043,3.830596818458431,3.965351044882961,4.03305391523663
08316,3.2594982445113643,3.206371654177373,3.115659616337017,3.5433463000272574,3.5098584016818384,3.554784565481321,3.504841030340917,3.761256173984118,3.8296059704956944
08325,3.0444898034342924,3.04053208238472,2.9996174068510864,3.641876229511419,3.55706950708805,3.6681529182560784,3.940923372537159,4.0956409179215925,3.8509961228849563
08326,4.38295386920569,4.302411621911992,4.261519024974808,4.7346390155144205,4.678573123408819,4.8427821561529765,5.105012518567958,5.327830977679504,5.171723581949409
08327,3.801914545285034,3.76723572392116,3.6750123175356313,4.171766717501474,4.190050930366901,4.274063639922595,4.62344017751893,4.889355035425655,4.695299881646793
08335,4.266574488776629,4.245980614368975,4.154289569318477,4.674260178318129,4.543311757573569,4.611891829677667,4.7404758996625755,5.030824701014685,5.21269006800632
08336,5.001423492284721,4.989275868701993,4.93011942767663,5.271993844076714,5.248683685568402,5.399972401872094,5.190382579513589,5.326104047732335,5.301978714096757
08337,4.208062268512973,4.222551616636141,4.161937969749059,4.533145565023468,4.463583683742911,4.561895603267739,4.537880217938527,4.726861809951137,4.719182583992083
08415,4.425626696778809,4.417149759333224,4.310688091165389,4.595333824644532,4.638769920319109,4.773803241477364,4.966436635851866,5.108134551663754,5.130558073569104
08416,3.2831636741504626,3.283317835823286,3.2570089886351816,3.515667326990647,3.468205187894295,3.5896629975180105,3.938707314421294,3.9794821327044287,4.115708094532006
08417,4.031990328031039,3.979335127663837,3.9268660159464392,4.411042798222948,4.427232879024312,4.44332355633636,4.63508789602155,4.800887443419323,4.738720224489788
08421,4.269702271799333,4.233219653190004,4.110123155856972,4.517447121575856,4.494027172158973,4.595427461720816,4.923938710350002,5.005758738163737,4.95608587329117
08425,3.0110705006350456,2.984404887304378,2.9433480141237367,3.4106391881092315,3.418013626152732,3.471692143426431,3.7662903542966233,3.902595203366081,3.7676644218747315
08426,2.616541094038672,2.573304816260084,2.498127241464553,2.900016983711193,2.8490559067792893,2.9223400940829,3.339707009737523,3.4688527884932654,3.4026068019407982
08435,3.167995740237988,3.0851442704837035,2.95920131479785,3.7909061689484527,3.646896190846314,3.54342145606356,3.414738768652476,3.853197230901574,3.890167244569874
08436,3.094922975002566,3.0719165947414977,2.989176341069176,3.5037672166217995,3.45758450894938,3.512755966385425,3.6448149358485042,3.8511788931521544,3.941954235674317
08437,3.637679832457375,3.557202979190729,3.450764087984121,3.8883172242777215,3.819929019053691,3.864527112550788,4.071901656450941,4.258975020472832,4.2735809084629635
09161,3.8399663084382016,3.809519092905296,3.7250440278004615,4.314120974947371,4.323818167786826,4.519393297423556,4.456118390307795,4.626996821914114,4.765845859313354
09171,3.288909753855336,3.2656749590844405,3.2074104205449734,4.102707165012261,3.857412351262469,3.727735382254199,3.5482560956157396,3.879890899130955,3.9050962716276856
09172,4.320531764341426,4.172289576068812,3.923027027759607,5.839409072407464,5.559102081604247,5.40174337730581,3.910349388798876,4.821748679464472,5.198503905014658
09173,2.993217352839264,2.9475831901858656,2.8313408205427177,3.492256573784523,3.355497420729179,3.3441711631546926,3.152236841225159,3.4830526323101982,3.66628456065399
09174,2.837021331496077,2.816640176272516,2.765993702241399,3.4211178521077694,3.3712788801748563,3.4147174091069648,3.0984084411222437,3.3294404505363326,3.469639768187256
09175,2.5155445327911923,2.533397414108778,2.540490987617281,2.999424097467017,2.9321671744731144,2.940190956493278,2.6527139772996313,2.804109505116661,2.886403053322057
09176,2.083965752593488,2.0360302863482587,1.9832082921000111,2.3102873860676065,2.271328834661258,2.3116574661202134,2.35392304347875,2.572435743302991,2.5969352571182327
09177,2.60629032999165,2.602187420198026,2.579636343515849,3.080684206230225,2.964330247069369,2.9789597486310946,2.871319116147098,3.0009440023809697,3.081682155729429
09178,2.906207972541895,2.9268450744125207,2.911045227327565,3.377066398903028,3.2592161614917314,3.2454724567268496,3.1666229355440447,3.380423182862859,3.4635544311433546
09179,3.584702330764729,3.582494201045473,3.5544045702228795,3.954302484791151,3.883374311706653,3.910567874602871,3.8026412175840147,4.0012807134330055,4.161047563143389
09180,3.834154056246254,3.567910624237676,3.2912664519848764,4.914054084595227,4.838267142631072,4.886258218050148,3.6078964388803327,4.298597231234486,4.782780502468042
09181,2.988207416819989,2.9731509891613905,2.9638273028333675,3.5621377378321184,3.4923253318413296,3.480657867363158,3.4716160579076965,3.7879986824194183,3.9303656738295154
09182,3.0823003323640066,2.985569694252064,2.846064368456721,3.7311321086760296,3.657609657953828,3.538091570625304,2.9440290752533302,3.398422777389235,3.663696861250073
09183,3.625666409383904,3.607880014796472,3.514547267319805,4.388527075119696,4.250576860199823,4.163908051716643,4.190964355750609,4.553627167806525,4.600932190798861
09185,2.380847239471505,2.397372976728468,2.363370348793865,3.0524674820388054,2.944218658233816,2.913826486257439,2.8914055937582313,3.087061258373441,3.145037490353397
09186,2.365388663926883,2.381156757987426,2.317530803390645,3.001879334091901,2.868643758358004,2.8271167237792536,2.60841816549611,2.82738753185416,2.9044517262956075
09187,2.801225787987251,2.7948156301534497,2.6961025707073465,3.3595579757993312,3.2739574294746814,3.2844802643717643,3.4468329462524943,3.785179766798191,3.9173790056170192
09188,3.4723374984279776,3.513334754904561,3.4627957715574533,3.9517858804854216,3.859246566130149,3.88715449063672,3.6173057517304175,3.815237388036068,4.048691302824437
09189,3.0735159351152577,3.003569371503916,2.8744024262589623,4.1427956647264015,3.991956156484656,3.9016721886587313,3.2282629638808893,3.7418284383988647,3.7888501753339825
09190,2.8829982532786778,2.8622504618417817,2.8115418034647544,3.472179024051308,3.405918557634334,3.3340780940613866,3.3467225365987545,3.729386615541476,3.787826411958203
09261,5.096924232968261,5.079416056839678,5.027490542855451,5.73384867427079,5.665007222513256,5.772845333759267,5.43065038596674,5.815084466948606,5.853766837301002
09262,5.671413658001856,5.588512475881081,5.33557541310479,6.531098251022645,6.517159965684936,6.400006585299987,6.125234916494665,6.717925796494434,6.863396093136763
09263,5.747634289995555,5.807975263278491,5.640520248969886,6.901430553896447,6.668121700134326,6.7248153788644505,6.408472900688703,7.121584708761185,7.167624873264278
09271,3.1757558301578728,3.191422904923795,3.032669303882102,4.627289484202999,4.360977654788744,4.102869922098364,3.6460418515781354,4.245081855221117,4.129398222573849
09272,2.9126206863926574,2.962717613581307,2.628757114327488,4.973925197578579,4.65485212834335,3.9629884123115735,2.877921141649098,4.207240237322238,4.040179582769866
09273,3.156114728310134,3.1591880155864773,3.0213020564908795,3.996397511123965,3.778860354555048,3.537786171214485,3.30524433088084,3.650093263852503,3.492840303201565
09274,2.97264476993429,2.9936065830307803,2.920259086571586,3.733633758688438,3.594023093096175,3.439980270054932,3.2271513454671017,3.521669267209346,3.433942121677049
09275,3.320137587270477,3.277140981691643,3.011350036024772,4.732681489307442,4.37183086196377,3.986051981874674,3.5695381329396847,4.531995974553077,4.5729155189263775
09276,3.548605422651662,3.517349629048682,3.339593966746905,6.237135172779249,5.773824041975074,4.921033617495048,3.1982243440750637,4.555457859386966,4.393389129519357
09277,3.65896159022012,3.692593128063745,3.5580063957811405,4.852627670862377,4.584065696187603,4.317238644059085,3.70334072862463,4.202517260502823,4.108171440545748
09278,2.7933884589038263,2.8409917599575523,2.710772847304469,4.255996931929722,3.9945786077827727,3.65868461573327,3.0771390429218886,3.7918657482865887,3.6138170397277047
09279,3.1972877214287183,3.1415695953738942,3.0196160458049204,4.142399140975623,4.138587678408734,4.141882250616899,3.6521734463959445,4.046093767598308,3.9632264698054063
09361,4.999417232457398,4.937822733527431,4.804091114049292,6.04822652723569,6.008311451061416,5.92329289645448,5.813416384230686,6.287611405999063,6.150450065607734
09363,5.5178077233283,5.32815875748993,5.140614090915415,6.563081570989812,6.401487214883381,6.49770723614589,6.342422680370012,6.783884979669955,7.080243628817064
09371,2.8513019103980435,2.7894712870036296,2.7085303474960534,3.5774129359771223,3.475403168697312,3.3286130554574247,3.2786836083298354,3.5836468833380675,3.506576257565413
09372,2.6595657320847987,2.772335328406012,2.632359110024728,5.022837502167369,4.559936762179235,3.7356694154307686,2.6792490269822467,3.827498400044742,3.4587085202499637
09373,2.261016175141186,2.270986193584401,2.1806821491045243,2.7790140156185896,2.596207235280904,2.47906449482888,2.43891488169645,2.8016696546854405,2.659399353465467
09374,3.152742646827761,3.0890787215808846,2.991147260077883,3.9867681433213966,3.740562957169402,3.484993165066828,3.5495851645154457,3.984482521554309,3.8551717997574007
09375,2.752569206379885,2.788562702499042,2.7184432560648872,3.333639822786419,3.1926017987190995,3.06991432731526,3.011592708131762,3.2980143459999414,3.1343859480567544
09376,3.3819212733095934,3.343525278137706,3.2004284001454426,4.027412383140354,3.93096747294931,3.749055693178807,3.674340868127551,4.089180336115799,3.988838481617487
09377,3.0009960639036746,2.9653570433334244,2.858063770300635,4.0904502889383725,3.931168560972818,3.613900563766215,3.5079950934975583,4.077628686774142,3.998829459264064
09461,4.75898151580002,4.669914554575333,4.608780602340034,5.1300799215979085,4.978987131720556,4.967413501405991,4.875901309606241,5.087858314709942,5.360305489688755
09462,4.902219712491174,4.861652893780328,4.644250338950123,5.55994366683032,5.47560454690586,5.496707786648778,5.679064335117407,6.237292787622161,6.549282227646968
09463,5.783696741166304,5.7477847613362645,5.670458306976685,5.947531560854654,5.903624785489983,5.960953161206745,6.6666787184206795,6.945685060736588,7.299027546097771
09464,6.436389900160767,6.342397214952371,6.115816671580433,7.249940277864153,7.090095921672962,7.210242039330754,6.933960797694458,7.342427273746498,8.08232165616471
09471,2.738964178547931,2.703386103158248,2.6045072517993346,3.112367596745375,2.9956429333681127,2.925667033871464,3.0574059865314713,3.3929693436151482,3.407878217810015
09472,3.1010768969944644,3.0394643217950947,2.9579572556308893,3.9416682337888087,3.839279512375015,3.5621665441330856,3.215325355733403,3.7782151684154304,3.8900440877707956
09473,3.643097203199603,3.5938363157492947,3.5012949595869003,4.107719063544414,3.9907417856604455,3.972240440868082,4.179812614437167,4.45733786325143,4.395677768492757
09474,3.0932344410268726,3.090137802689668,2.9524332327308858,3.68747429060619,3.489591231924184,3.3715357782965443,3.2804322631459155,3.6529350434530055,3.626933725376755
09475,3.643278587527809,3.5400969642798024,3.366034137819724,4.272686988864772,4.17106342424247,3.958013804258579,3.8506104034401307,4.367034488315863,4.345582416124344
09476,3.5696633531623174,3.509486205291011,3.4090601743968905,4.474489482884412,4.373375468783984,4.133953767838214,4.0765541013164714,4.46614331773407,4.277662130644766
09477,3.7572309188953272,3.667592593033723,3.545656557221385,4.228882542066703,4.1369901463817085,4.056143358314704,4.059558911563139,4.424108723000234,4.637406245205987
09478,3.978640015526376,3.888333892511128,3.749738589698352,4.4980108283875575,4.367633813639066,4.340717681152398,4.621571820412122,4.933853159235703,4.946500779275624
09479,4.601907445610104,4.511096208204534,4.360974021325258,5.87500749462022,5.724484447471952,5.612278654613726,5.604455041621872,6.146576034225414,6.223203859989245
09561,4.147047044214447,4.106966058847884,3.939323818682011,4.840172122301032,4.742149956643272,4.870744870284985,5.386869074349013,5.664186519436966,5.503942911939079
09562,4.405419050807321,4.39732172263101,4.373751467225956,4.526222333655006,4.522984558178909,4.643698565703371,4.609460619229407,4.728137843522292,4.878024498921506
09563,5.897076960051407,5.79120551145244,5.684176884735575,6.185554388354536,6.096957572848509,6.212568723409483,6.289974274851203,6.472220592781261,6.6667921302831905
09565,4.084584150637084,4.054503443951525,4.001009790132276,4.725339585313607,4.680487417005443,4.623211420946699,4.604782949130072,4.8091561915333765,4.937266766580705
09571,2.6149884026469548,2.5901941119830734,2.5119396743451787,3.279930121157025,3.103697766056152,3.025879776702973,2.953698494419701,3.294244803464784,3.324392090970352
09572,2.604574347387924,2.568022956631123,2.511472816560887,2.837581499169788,2.8104394139763067,2.802563772165109,2.807514626852451,3.0534520055446412,3.103960444741033
09573,3.422951141678864,3.356613748390879,3.306853512619813,3.700094795409427,3.660223244363447,3.707301115631745,3.6380655282820733,3.8106558532806365,3.9835568518943663
09574,2.89982435515664,2.873286899587056,2.832391441893623,3.260633564895936,3.200557197038627,3.242058962330587,3.360872206394498,3.5071976043011435,3.6299070685118426
09575,2.615170762621197,2.472063175521253,2.3472445898708973,2.9300230271692085,2.8383402852457342,2.894011901713628,2.87926885251331,3.1619798030753237,3.1992925225346514
09576,2.5834262848709284,2.5631381101316726,2.4942040002887977,3.102909254573757,3.0395732957211647,3.0537190091992232,3.149345309747609,3.389560768072232,3.343178194191571
09577,3.4677939067330112,3.340482256401707,3.1411325606003406,4.169343299075876,4.078231958607804,3.9823958036677,3.6986988323291508,4.303356304915383,4.248027101113839
09661,5.937891648266558,5.840227178670342,5.751756076054764,6.596538259330279,6.528273412617498,6.684889407027731,6.433810626413792,6.599319922316173,6.684207101331013
09662,6.298026250363893,6.319433093148245,6.366031253676715,6.952178364302369,6.883554123719408,6.970099451151484,7.414918787368816,7.648100044381083,7.674905075745401
09663,4.094381281458371,4.091455222084397,4.058528710574944,4.495070140031038,4.436337786873454,4.572303329599518,4.802513249119347,4.787605341713351,5.016546614551788
09671,3.615830755423096,3.5726140057546107,3.50830358368017,3.8667572120630713,3.84743895150889,3.903682589850954,3.964834774288852,4.170437890589486,4.17579261118298
09672,3.4048657213481737,3.3236151378007857,3.261894481608528,3.9932566897079553,3.898146963461119,3.859265743579948,3.698332245037598,3.942031831521203,3.9790359346146613
09673,2.7358129713675963,2.717583359206187,2.62109442970441,3.3834862105013417,3.337172855419938,3.334390520581944,3.5971048266068415,3.9078361444765033,3.857151557640192
09674,3.062863719175825,3.0755627017418417,3.0067824974495654,3.485918328115928,3.417678283569772,3.3867292091472208,3.6747449100667464,3.9504399799653003,3.9645250515884647
09675,2.5635100574372336,2.5286611148097826,2.4428044128541604,3.017698387723795,2.966789271818246,2.951388888068208,2.9664068955059726,3.2842280538563347,3.5486012096886137
09676,3.4826441503500543,3.377782388943619,3.268996770451245,3.977413593181406,3.865953943572463,3.896051096074158,3.95645444430874,4.082120739537648,3.939665143151143
09677,2.3797109242021284,2.343461550886525,2.306618116601621,2.9340584849662203,2.8488703999263003,2.838771477458001,2.780478825170918,2.99231425735144,2.984265625495411
09678,2.717911830231871,2.6740430594648448,2.641118963685272,2.929836601748858,2.8713042600430314,2.8983627550134243,3.136303996935944,3.3700572869079957,3.5295308229347744
09679,2.316422105007208,2.318317207075728,2.276818876781192,2.697587209117752,2.66900642118234,2.642169370834588,2.7688894074054757,2.8464035104163337,2.8437823058289116
09762,4.12444237350654,4.1226072758298535,4.00333380538352,4.856558703789847,4.846954716212336,4.672719892580688,5.171082016230153,5.7392879568991,5.645224897956007
09763,4.194424265814609,4.0846876164229045,3.968472707896397,4.639066345160817,4.735897749750311,4.811872593505111,4.935531661085356,5.217191496330361,5.144671528695004
09764,3.910405794591644,3.876842838451075,3.804758819519879,4.585863480218304,4.510853801264083,4.581542225311058,4.703746034451562,5.100497462992497,5.032145505878284
09771,2.8069101722490832,2.801146015468259,2.763507437476962,3.110613676644103,2.920393246717171,2.862222310502483,2.932645614635885,3.1844209435224347,3.2574550707556416
09772,3.1064524830526694,3.073785660928947,3.065921533031009,3.631981777901524,3.568253389120141,3.625500902682603,3.421258379191646,3.6075354598990255,3.7258188723546173
09773,2.5541513958828883,2.487032332518507,2.4051286042957214,3.0899594991178216,3.0279551256548256,3.058066802407581,2.886052257465244,3.119959568187297,3.2183755632802074
09774,2.6175617931056987,2.594392609681722,2.4123882293958965,3.1572340440178066,3.0123337246741766,2.866929611438413,3.07340319090235,3.470503106531848,3.376286581095329
09775,3.101084752746337,3.0706413002418578,2.981531628741505,3.6313938356669055,3.6100532294104335,3.728540098405962,3.860082575206728,4.038566887550215,3.9913919464822873
09776,3.271170679054496,3.2220408092798563,3.034626932545039,3.9496360146293727,3.802519863227774,3.796386478208503,3.5277291589530515,3.9298761041909285,3.946438617770871
09777,3.1020643162490447,2.998730337503614,2.8844673059258845,3.399817823731036,3.397202346828966,3.504900629097972,3.2386555540996484,3.695241389012524,3.8478516531996654
09778,2.3805950623733465,2.3495436574926494,2.3038342587286795,2.7719863634264845,2.6453289347406037,2.6494193218751434,2.874317323736769,3.1849440697269915,3.1335505970035626
09779,2.304906121838281,2.2592257621575333,2.2606748783641417,2.700677160203364,2.578370468083274,2.565827180703059,2.50978484782034,2.671168076849328,2.771643886990175
09780,3.013854994318552,2.7780866988201742,2.604906516896901,3.413006283434365,3.365096590887172,3.658646607159441,2.87960282041233,3.1173688925723977,3.4877561215679593
10042,4.710068999615288,4.685944343895986,4.680447635283643,5.11367636652365,5.101955513036598,5.1771204487366935,5.105590893154254,5.475749421031917,5.563931540726337
10043,7.706143238717098,7.713821764598902,7.667283520563045,8.365151684906559,8.399957651022474,8.574612975996939,8.455496039828837,8.850533030060546,9.090952042491013
10044,5.893831320585712,5.847678219502158,5.87900732460933,6.203825658176278,6.189848191200959,6.286319192528637,6.140867931902487,6.376847011518135,6.483131430629037
10045,5.157428507670931,5.1762795566732365,5.146283031020357,5.744041664237985,5.655346485743975,5.791590141511766,5.951105996781516,6.299775696583711,6.3194995379912555
10046,3.793074235261014,3.734204460971894,3.708680228564426,4.012706222476979,4.027091290528044,4.143439248010365,4.227750986453109,4.463848392073739,4.469099996328803
12051,7.88601498991714,7.691917150170858,7.51680851742486,8.137087688727295,7.766532718236993,7.880617327145318,8.071635274911847,8.126695194714339,8.270706529801839
12052,8.330583177954306,8.234223884453524,8.084677628890233,8.843363319721435,8.538691796396009,8.404366295980022,8.129571177778594,8.266579289940857,8.384859867724062
12053,8.208266274981792,8.239811865442336,8.235017185789145,8.590588399142703,8.510482531023571,8.486388867830689,8.416708273616173,8.615151795697228,8.824760159578746
12054,6.048688200972611,5.9465205028061465,5.878311060978732,6.317601275019397,6.163468612113614,6.219527654781651,6.145972942413451,6.338386666350432,6.640228886910559
12060,5.672210812212866,5.603450583320256,5.555122367409231,6.046381156615331,5.833625503011407,5.748723253675894,5.714682525372805,5.8949645723893225,6.140892845008326
12061,4.311174358111471,4.114863716569174,3.9238850171342055,4.580733114706005,4.500423947388056,4.4945041763687,4.297967300698032,4.724283717523091,5.234119398004488
12062,6.691935932714676,6.511462597757774,6.243038994166678,7.333476054479636,6.969640932809244,6.828600270296279,6.511011109534755,6.976729040059522,7.357926622870352
12063,5.656075283945677,5.572323290387703,5.465366992255007,6.313330670357763,6.120616584599498,6.1516190288157535,5.930639384954685,6.184581684936709,6.169915468285419
12064,5.88910072189596,5.676931854170529,5.415369610153642,6.307238322003214,6.050397403818209,5.887840198997603,5.783982889149504,6.249107320321044,6.772427108911568
12065,5.230468246088131,5.11113027956225,5.011478032265473,5.583552451245823,5.515363881817579,5.556138951161204,5.561793278820021,5.87155618557201,6.295049543510748
12066,7.477884971772994,7.213590665874114,6.866144881901888,8.100202004186594,7.815033803000632,7.5736732636369215,7.0689048199557964,7.707648685270904,8.138649141818656
12067,6.392634404500732,6.239870428196757,6.035636744500435,7.144830647053454,6.986411140392051,6.899276392525418,6.614637293087024,6.971796973509758,7.492893119680427
12068,6.463696589656164,6.253749794934612,6.060606108425721,7.017257570599905,6.7822640618714605,6.674449931533807,6.662690893822488,7.324376862091369,7.574361873310042
12069,4.187794181270584,4.098440116287822,3.9792171566912105,4.631739807432257,4.453860775244784,4.355412497445359,4.285486254824062,4.575690396443731,4.627706496015248
12070,7.80469981276153,7.5585751050068515,7.316214537971931,8.394929342034343,8.083366391451527,7.918823039033921,7.588643481780491,7.988716548477103,8.46485587773579
12071,6.379612498757933,6.219415430197669,6.043528671331089,6.896315631834643,6.647496513708713,6.429896774367174,6.533247032335539,7.067591751674474,7.374172699592485
12072,5.048054925983522,4.875074442985366,4.696058962593058,5.514765138252233,5.393224057211565,5.369479899529098,5.034788426150444,5.215036088040376,5.478333370615617
12073,10.51831245747932,10.432125370306764,10.25738649755674,11.332323565247624,11.033919659704152,10.79612634603651,10.591266419303986,11.412465943009485,11.919098379513969
13003,8.027209736665096,7.769106330349856,7.485988662227951,8.314889954456174,8.223690638175484,8.284576519340666,8.084873885264305,8.60659692213926,9.017629938539294
13004,9.78463806728656,9.6463942221007,9.61704379690762,10.251281054386316,10.311765037264516,10.3592432649826,9.680114279137616,9.978623867270631,10.409341335130728
13071,9.206102400765706,8.969793677147905,8.540999517865092,9.85685097416792,9.59839039145632,9.27306189706183,8.592592145965439,9.586889269704361,10.265831607740148
13072,6.039036362631614,5.78077492981141,5.443296028564506,6.278818017408467,5.938003719184518,5.738833889239301,5.598372389887883,6.270688535830134,6.835200064643535
13073,9.969740448923456,9.582987630438218,8.843703031536073,11.234832955613276,10.471716589770455,9.76741319093955,8.607513943483534,10.704157466835213,11.614314248530267
13074,6.880196418667854,6.682833821119967,6.406921648001601,7.166103422635403,6.903231475911723,6.792977771976076,6.437531708391587,6.940857786799844,7.172765643666245
13075,8.920602915749571,8.579776954058318,8.081611936897657,10.083913046192876,9.816184477641702,9.521403942277,8.431261124528314,9.543141458387936,10.235506740565736
13076,6.335258500167709,6.226610864054639,6.078312772724676,6.699143244510466,6.502834370130589,6.483441929377501,6.33417376860973,6.697682756594063,7.070352467069827
14511,7.710185351106357,7.579578479374169,7.439956091913523,7.938270200569849,7.843394097972875,7.957867713387779,8.183295458870791,8.483920197788656,8.833475454901828
14521,4.6749063285421295,4.348047479976583,4.0617214241539,5.215843109530752,5.016167944384352,4.894770492762143,4.846106801243163,5.572563116116739,5.759652682630984
14522,5.289553985359139,5.085574775952545,4.834631335556636,5.759743723655953,5.577620984942013,5.440888362390269,5.364966452718948,5.9276766333465245,6.138368022811114
14523,5.370546971588941,5.150272304075122,4.803833396995751,6.105235667819056,5.81750767013797,5.61159826267628,5.298250157582552,6.137702836926242,6.390400338553587
14524,4.833573957819236,4.594172386926006,4.343654371772653,5.212400815986685,5.060940483960798,5.040540428693667,5.318866779660818,5.709160339991657,5.721743900123664
14625,5.641963157300032,5.475674708123472,5.199889291484488,5.770733394251674,5.668252030194164,5.631691277270403,5.399694041942036,5.809784891274295,5.9706915273884205
14626,8.178407292973535,7.948789185354578,7.628995205823823,9.012582444168386,8.781432304400422,8.527431772256575,8.20467132291705,8.918179802563362,9.44717286876094
14627,5.8999681199066965,5.681162570267583,5.5202651474136735,6.424011683559485,6.203375634963891,6.135357986018468,5.921008850205891,6.481680475210005,6.850355417499053
14628,5.097861838824612,4.911405918862773,4.61579688385619,5.592852654465284,5.344326855806534,5.040877283057124,5.047891864073051,5.600689495597639,5.794027609386829
14729,5.779682060902457,5.554815862828927,5.281048987216684,6.0423906319477725,5.769672642376019,5.558861858850479,5.732421684426823,6.22048072208875,6.350750371733906
14730,7.058835754005708,6.780983901290411,6.43860885878201,7.379135086588389,7.14784229380474,6.99671323473223,6.935843646685016,7.511436534357232,7.932571724600174
15001,8.672268500854,8.606002770936831,8.453561132411261,8.829760198546458,8.441959214703541,8.232710647125847,8.705343561680113,9.0704116799889,9.316453548617687
15081,6.400308502197784,6.358443546645813,6.21786218571147,7.386209721108523,7.21405176024974,7.125145268662651,7.025930559721668,7.350638096167706,7.526935248147252
15082,7.449459664265325,7.480211841115553,7.358511895215729,8.219160987744134,7.833656710060911,7.695933264430949,7.558495240918289,7.970583473608651,7.965564188832739
15083,5.36508822952311,5.277811727138533,5.188244567114643,5.930491392969526,5.691142577643591,5.661806658182513,5.628310625237187,6.07717269402976,6.338643466815323
15084,6.85485244583422,6.698394078792815,6.4386513213259065,7.394971987084854,7.0805313241874215,7.003937076372653,7.180827862743103,7.647700165449271,7.981029202238263
15085,6.294022237153042,6.017515571952622,5.715167875854398,6.770620404473069,6.538826716506364,6.520460698261036,6.2138118862444385,6.804326438193294,6.895136506499201
15086,7.374080321822901,7.247604328712963,6.945710002716206,7.837814375599602,7.60387302058765,7.496640432562016,7.0952334220507325,7.901984671317421,8.158956138184278
15087,10.02030370198164,9.878884736826572,9.443875223880116,10.601292161996344,10.244035621820505,10.154765698838576,9.997299839197858,10.907574410548008,11.192196759965537
15088,6.834926431453803,6.66659915643667,6.489709174138328,7.266184628403779,7.064457075656056,7.004117316551254,7.083805080144866,7.592758703538843,7.9469682583373125
15089,8.266792912703407,8.099806252467582,7.958403288075343,9.252094282774731,8.81732783279402,8.65656902269003,8.302580306088064,9.07545855477424,9.661625461915035
15090,9.05554643806196,8.789433712557123,8.641945511369613,9.887153976584871,9.39132605108917,9.189157265170032,9.135307868067754,9.728168294083725,10.139939983255863
15091,7.059181850098993,6.864434138426389,6.603116615912516,7.6744289122130525,7.3844437845547555,7.278439332025126,7.017330491948421,7.798623463386271,8.25691939187718
16052,8.668345591706212,8.477359732060883,8.337959311795073,8.837089288844453,8.604247163555304,8.49066693420548,8.901551611581748,9.28688231097127,9.666932724542528
16053,5.984417600299967,5.996595898258454,5.9835483970544985,6.010085322959424,5.967000328634359,6.131076729558071,6.410135801516843,6.579647638211814,6.873798161627017
16054,6.23084656724204,6.13088405105897,5.894867908092391,6.471132643532809,6.3544326010421255,6.275981381809935,6.229413177755738,6.613216666515126,6.543203875750768
16055,6.915065365965618,6.746300899651806,6.630645207480199,6.957924445456944,6.793862254928166,6.932015096868084,7.119879289342458,7.491596393289604,7.800177918698253
16056,8.183177288067299,8.018582522913366,7.888232213663232,8.332421906063505,8.322300182937497,8.464394410666781,8.475360725994806,8.735114245421823,8.520481444083694
16061,4.390497347616196,4.216862553684913,4.076997165650551,5.02161013962853,4.716926157028473,4.559516546529821,4.608541983616802,4.998402876722923,4.809591844974145
16062,7.9013813425444095,7.689732585950103,7.35308109101558,8.325384344305645,8.11735890991682,8.043298718311371,8.086803587408541,8.528330165947365,8.509092747995869
16063,5.10217075838676,4.980470971818073,4.79350268265708,5.545171250736484,5.375996359534553,5.410675853929957,5.640052611918725,5.987252393436018,5.813445314904741
16064,7.816018206317017,7.503344471248056,7.280992985169853,8.037234084201247,7.861749194098874,7.834915707445207,7.63938264570801,8.251768377778356,8.391809298073046
16065,8.079651423641643,7.9159346266515955,7.602411026632978,8.986552250183612,8.654854274939414,8.435605229791154,7.841214560182848,8.573415181600197,8.499362496929832
16066,4.827439092723511,4.647602564780469,4.443110568982132,5.379860282796965,5.167630874523507,5.062926258415367,5.390966535716243,5.919626657999115,5.720682267030195
16067,5.872865651290109,5.6912297888845575,5.556628381603409,6.279733053667012,6.18503185676756,6.259813128971605,6.367465554301007,6.753259317898373,6.7530475503750385
16068,6.750986260329869,6.577083195264957,6.157764724077795,7.196867353867926,6.918379097334654,6.905279602386098,7.029867311666086,7.394226272051373,7.508078187143802
16069,4.233057097450126,4.123553374761045,3.915878646700542,4.805001464112459,4.559710022739883,4.455849255265642,4.221877381363169,4.668038828761082,4.4541107093788055
16070,5.756106078422,5.615572086662091,5.453198309922168,5.926026642785894,5.796169626038078,5.7356154621974165,5.892262521254624,6.3751381094221955,6.694253723649865
16071,4.697181843038609,4.572434075929104,4.411038977322626,5.053965237540863,4.767236812341684,4.728992136150591,4.759875159723827,5.1325708942917725,5.3080233779447505
16072,4.795173386956721,4.6402472876663134,4.447571118344308,5.186060549567759,4.960249914080905,4.916581338059279,4.635446215681572,4.9680401292695615,4.9500714830522
16073,6.267844299350993,6.105627364283236,5.888116400461189,6.648967690074741,6.445593669578169,6.360091884800994,5.7148229910356125,6.365379963370735,6.770648362461855
16074,4.6739403819887855,4.469906598775923,4.303592401598517,4.979835135132833,4.756154855226176,4.628095630747303,4.62406478232652,4.935643074899735,4.993893504041005
16075,4.883711067174515,4.66691209381268,4.436442874897714,5.646486280063411,5.415473093685495,5.198599744621024,4.709897713169231,5.361743615549909,5.483895556065863
16076,5.101766401912618,4.958670638251819,4.732280490089772,5.601200992682714,5.391679638388571,5.23662392182548,5.375123548319591,5.947592051507279,5.946958373958764
16077,6.848841665072316,6.614617890347898,6.308872520126346,7.435588536246921,7.193730917990675,6.984030200921553,7.068106811542202,7.681109501296659,8.027611663367818
01002,8.706760029686523,8.858810673195078,9.036897560352056,8.66009615642893,8.838194902179051,9.15887706378782,9.000866228896644,9.24408518419035,9.921607699849867
01003,8.780256783465477,8.831366394034278,8.982111642990375,8.771561584678631,8.957272014376258,9.309954792196542,8.29858842508402,8.811633779975192,9.39641449095715
03101,5.470342536615588,5.434110364548865,5.474618441382765,5.703283044526271,5.727002548518386,5.993271096469257,5.97434850960446,6.329953270858821,6.790011055133274
03241,7.924566910507378,7.996746656638307,8.07445109323783,8.2468849819873,8.296890795508656,8.536748437312463,8.230879234403309,8.616098048653875,9.149925480926605
04011,10.7933467706312,10.916283408539083,10.961450296092307,11.016799468131742,10.887669039077323,11.247181576235336,11.401683937206268,11.703033353580263,12.19609635729055
05111,8.18355239589505,8.236559783001999,8.33921053677987,8.626719351594494,8.682296970927238,8.925269302883132,8.481331479945688,8.847428027625527,9.380271567185822
05112,12.694875415706887,12.919928978173663,13.12552201452132,12.709785960381604,12.739634789975556,12.903474326813608,13.014033292425863,13.66224684581216,14.66233521509066
05113,11.061012411213136,11.223450089868813,11.28227730615652,11.393296830660708,11.332441120550184,11.590778182046076,11.828702503913055,12.117619635680109,12.66497786488833
05114,11.4066189642316,11.419975874869197,11.520771372035153,11.696436200755704,11.575094398059855,11.818846339311474,11.684114205276003,12.105655169161013,12.693564305403827
05116,10.732884863267696,10.769227891933,10.996858974746994,10.973844996210316,10.985691685859834,11.321928054263866,10.61611285024568,10.836866775944099,11.253506146795912
05119,10.860735759764136,10.93529906790616,11.02721309595241,10.82913525421614,10.630261779539282,10.839711912585388,11.324805569853563,11.746799906891438,12.392957684964605
05124,9.99325496464541,10.159251981668492,10.395656208976783,10.359580612585932,10.455251073878514,10.815473143334351,11.085356494945268,11.25173394271673,11.49347364824703
05158,7.013780223129708,7.051642496247495,7.071317761783521,7.146513159310737,7.101538000880814,7.3596063350861,7.224530724227037,7.521966937752102,7.847494546125751
05162,6.088921672830384,6.109529469194,6.172277925949693,6.303844993376156,6.298147700479701,6.604309847895771,6.381266598930405,6.755168600457309,7.194125010257766
05170,6.6132407939261855,6.557540038423652,6.657564011289189,7.014291283516989,6.992724589533311,7.173041224129104,7.107819995387843,7.464204711645392,8.078415885388356
05314,7.839368603682065,7.92911420915435,8.18402926188667,8.018949297562676,8.02840170595281,8.246112371419352,8.033082103127853,8.207184397400052,8.658481563913941
05315,9.47702729685129,9.496232407236366,9.556864079000857,10.015312265968925,10.068080559913849,10.493495050809296,9.829749996649845,10.158355120333798,10.842788427299457
05334,8.039580860222124,8.027118993830365,8.01368602680128,8.392367281320913,8.463182094673876,8.779270391230158,8.379224258249371,8.764583735370488,9.359708970466144
05362,7.126674340311542,7.168125818045842,7.298829706312673,7.471476471622445,7.381487930364677,7.520205145381164,7.676455324822241,8.124381024544187,8.783928693105908
05382,5.682975855161435,5.696306693451095,5.786510418294768,6.098788190179376,6.055026618146394,6.248555928472944,6.060661832338798,6.315403102417463,6.570153336992318
05513,15.471952929557355,15.945113988414017,16.28041802493258,15.702595455500848,15.5635836594227,15.913801660892304,16.33425407094345,16.753465506379204,17.431965410844775
05515,5.156096865056621,5.226423572181542,5.337272530218319,5.271091128483391,5.265505871133647,5.4324067545463794,5.685911153798548,5.859994454821997,6.361676156335712
05554,3.67583805014441,3.6432340769257214,3.7197168245647214,4.100141984085082,4.004090154140823,4.244962347937296,4.433472139526004,4.802642564708716,4.942372291393398
05562,8.847598014044754,8.945990687139716,8.940837821133183,9.175060334606425,9.06739014706883,9.292371671136005,9.60534430257473,9.975809958496242,10.717218446914874
05566,4.178054002125897,4.224320831356242,4.213241294754046,4.628550645468372,4.591577536355455,4.679582658988421,4.969995021660696,5.289561296473924,5.6199420166396425
05711,9.110315882513133,9.061855982934958,9.060481771342443,9.019824519025915,8.950268705526424,9.13960986564338,8.996771061689657,9.558594814516125,10.223528465002033
05754,4.18033176324634,4.155234523272915,4.20541919453026,4.690918206524807,4.623892103191903,4.761426944423163,4.896480205272083,5.207804606053446,5.63399785216794
05911,9.36051359105388,9.584090001489946,9.650300090346963,9.693775941692286,9.74279450155797,9.98135933726848,10.299124131259559,10.810341327808372,11.523065235126552
05913,11.707808852658346,11.788381161155806,11.861589470447935,12.081942719109074,11.995712398372309,12.330000034664108,12.132377485291109,12.396749206289172,13.238423310881718
05916,12.1172074862136,12.222818185393312,12.265792154917872,12.180571027271275,11.949989544599504,11.934988146635607,12.719249629857725,13.592846691947932,14.534778948269986
05954,6.923062200765997,7.005190468638269,6.982375163527037,7.273936756588178,7.230091923299146,7.435460005612964,7.438281073194107,7.769326273129481,8.164308467993102
05962,7.163885251828606,7.143486515491754,7.1873794220107925,7.582777857926227,7.521996015255557,7.826828344133979,8.294850077128658,8.780885735465372,8.917947504507225
05978,7.713742144980838,7.818365007172001,7.84719793240282,8.04709764489343,8.114015406736382,8.274728976751337,8.201569183145013,8.572686374385263,9.331947311763404
06411,5.886641305202361,5.9450271606666325,5.967535107688166,6.4763694088398,6.540483783247892,6.868056042573414,7.224076593574198,7.61190522362479,8.110045744007275
06412,6.880199706969025,7.004184340535804,7.013708793000677,7.293847335943177,7.312724783344715,7.737248665903802,7.7490049363860996,8.19427546511627,8.753411710868566
06413,10.033798770188492,10.254805849897805,10.199254102188378,10.899588599271269,11.082609645375513,11.375352143678631,11.1233413044072,11.888752486272068,12.878563487469952
06414,7.756405326219242,7.751767196199625,7.938321199868552,8.249216597325232,8.302738468818532,8.565703742761546,8.36987887395906,8.771495251906172,9.2712060154885
06433,5.6868214582980405,5.758928769163523,5.878018022807448,6.154170450160161,6.120154033343155,6.391344452153305,6.8363581739893,7.107155789262731,7.802202760846601
06435,5.216742810316365,5.250676194519396,5.331191697537286,5.813771946357153,5.85789507408438,6.068338606321196,6.224411133780719,6.589351118623283,6.857346637895904
06438,5.8316780721452695,5.927553711653531,5.971967792500635,6.285371410765738,6.2981257843491045,6.537888208395168,6.332358460382209,6.630681981123176,7.128335308642838
06611,8.549306573005142,8.447308979628268,8.442157371942097,8.767104838292049,8.553717645555984,8.860866195042517,9.245354123228688,9.750418694040757,10.01468284296667
07314,9.948015979766724,10.18783678713879,10.18061577484653,10.315171637541493,10.249581155786313,10.60802510105302,10.471078277554861,10.795181903588382,10.987983633317821
07315,6.075920170597696,6.073374281430031,6.197893873811384,6.332773376910529,6.314820109302923,6.630458246745957,6.75008270330828,7.102789116196189,7.695823353377446
08111,5.295223013468089,5.406890820269976,5.309088179659248,5.536865201463359,5.514665538189572,5.700228997258395,6.123290594342298,6.531438642006874,6.9914362907457805
08115,3.7751209330195934,3.773417606493426,3.786760625105464,4.031667174678549,3.910185554924176,4.10180558125563,4.3238326856489,4.560094266393422,4.751619550752406
08116,4.168579796939329,4.185217236367798,4.213894422177571,4.436712606744321,4.461360263126639,4.656265487422091,4.710575760189522,4.949018721642376,5.087256866960352
08118,3.542980936166256,3.560908067941748,3.5572358203277767,3.749563107177957,3.67386286839895,3.797748550197649,4.104573244134857,4.336973389677672,4.519079552229982
08119,4.268770744182456,4.330652024699485,4.27167255879605,4.754061370582,4.72061796368348,4.943350922350928,4.9907722731020305,5.3149466798654625,5.553805429902206
08212,4.9609885757724825,4.936311786535971,4.967292045766393,5.246807031981225,5.219544010230924,5.48267141676698,5.5090563104990675,5.769656183289305,6.260230300377927
08215,3.5533599958880253,3.6370207394181433,3.609209448786258,3.911091697444951,3.8859099253659326,4.105863234694416,4.147838857839742,4.3904334069690485,4.761816983594436
08221,5.165292696996874,5.230488323690339,5.153592361913519,5.456419412572313,5.453793057227224,5.722001946727287,5.7235077559785115,5.8386127701988455,6.289132623476613
08222,7.653923789611885,7.732357399304507,7.69354912199057,7.698023211544887,7.6423781048118755,8.039926939487412,8.109983746962266,8.588650098595105,8.76705873344095
08226,4.342008044919125,4.409851494746461,4.44480547146146,4.720140983190928,4.647674088953054,4.872671355910226,4.890105360058109,5.178843221422858,5.541164514035408
08311,5.7086537315250325,5.785294563102479,5.739600753543258,5.967276429299107,6.034544733090138,6.311156685744819,6.468778011886781,6.608149136585278,6.844202739100762
08317,3.7783127502581975,3.8472894668367954,3.7673342789275472,4.240679959633327,4.167514246235906,4.179241592100359,4.009168942660128,4.357978176220918,4.3287662990328615
09162,5.094560859901071,5.210804869109384,5.171234042651591,5.39805633110983,5.460967496031902,5.723693054844031,5.612992472134757,6.028928553822381,6.534182628865606
09163,4.970184952115188,5.0002179609984605,4.966009115464551,5.856145765481379,5.771691519620968,6.016000354967802,5.848584526719322,6.44550982834934,7.001082838961898
09184,3.182528662349325,3.2609599488782,3.31701400098559,3.5014836078457163,3.476555164012476,3.630758373466544,3.6250547819023407,3.9229570179432787,4.246143551357128
09362,4.713819720756023,4.803887112008343,4.701592881823644,5.162015940772743,5.128223188228268,5.417391013430995,5.194253570511694,5.510348052202148,5.340241807642876
09564,6.481217687234099,6.501726258653797,6.502012307925603,6.834671868298434,6.7973648580987485,7.158290860969718,7.240708318476526,7.70274127428854,8.142919810132407
09761,6.128982439498842,6.110489471341659,6.164594901153984,6.695729748857533,6.740988946456197,7.148541316202343,7.230875410279664,7.650252891008731,8.210431235395518
10041,10.028351566430365,10.045487459994366,10.16052904070077,10.707600223893584,10.677928602107524,10.791141934124546,11.041582319207688,11.533431346908321,12.216130885381402
14612,6.654560581554575,6.592443307668443,6.606031751010304,6.727497114189961,6.6809263781286505,6.880227149895555,6.7295414842495225,7.229033339421791,7.639809172047498
14713,7.871372613222182,7.941665571104663,8.045761687096109,8.374525502622994,8.343911453519663,8.67864117367683,8.139311100613122,8.51073175008926,9.368863706908641
15002,9.715283862519408,9.810736570714212,9.781917359651244,9.677616706568203,9.4401069658664,9.484157997312606,9.56534731422698,10.038767458996581,11.13567477525444
15003,8.881910552432599,9.204855136015569,9.426835125102546,9.23255439802452,9.00409740764385,9.068092465220696,9.486316115395507,10.081562653731831,11.052065536103271
16051,6.879413852659449,6.894061927963816,6.967905031092461,6.998746315950792,6.851368173949648,7.174176325824392,7.296254368053881,7.645245365527592,8.086812260671179
02000,7.840169879227839,7.874041473606546,8.053466547988496,8.100303201911798,7.9284294248986,7.967489253496187,8.096102503019512,8.059473822427751,8.479335990422143
11000,10.255737378259264,10.275514141953543,10.498706110219366,10.561904618227288,10.264390265986869,10.30350702038026,10.274399442819071,10.138874852922704,10.59858299495614
